Date,Price,Amount,High,Low,Close-Ad,Law-Buy,Law-Sell,Turnover
2016/2/1,34.90 ,3.00 ,34.90 ,34.90 ,34.90 ,2.00 ,0.00 ,0.05 
2016/2/2,34.67 ,1.00 ,34.67 ,34.67 ,34.67 ,1.00 ,0.00 ,0.02 
2016/2/3,34.49 ,9.00 ,34.59 ,34.49 ,34.59 ,7.00 ,0.00 ,0.15 
2016/2/15,34.60 ,1.00 ,34.60 ,34.60 ,34.60 ,0.00 ,0.00 ,0.02 
2016/2/16,35.09 ,3.00 ,35.10 ,35.09 ,35.10 ,0.00 ,0.00 ,0.05 
2016/2/17,35.10 ,0.00 ,35.10 ,35.10 ,35.10 ,0.00 ,0.00 ,0.00 
2016/2/18,35.45 ,8.00 ,35.59 ,35.45 ,35.58 ,7.00 ,0.00 ,0.13 
2016/2/19,35.58 ,0.00 ,35.58 ,35.58 ,35.58 ,0.00 ,0.00 ,0.00 
2016/2/22,35.58 ,2.00 ,35.62 ,35.58 ,35.62 ,0.00 ,0.00 ,0.03 
2016/2/23,35.62 ,0.00 ,35.62 ,35.62 ,35.62 ,0.00 ,0.00 ,0.00 
2016/2/24,35.62 ,3.00 ,35.62 ,35.53 ,35.53 ,0.00 ,1.00 ,0.05 
2016/2/25,35.83 ,1.00 ,35.83 ,35.83 ,35.83 ,1.00 ,0.00 ,0.02 
2016/2/26,35.97 ,1.00 ,35.97 ,35.97 ,35.97 ,1.00 ,0.00 ,0.02 
2016/3/1,36.23 ,2.00 ,36.24 ,36.23 ,36.24 ,2.00 ,0.00 ,0.03 
2016/3/2,36.57 ,18.00 ,36.62 ,36.57 ,36.59 ,18.00 ,0.00 ,0.30 
2016/3/3,36.83 ,5.00 ,36.85 ,36.83 ,36.83 ,4.00 ,0.00 ,0.08 
2016/3/4,36.73 ,8.00 ,36.91 ,36.73 ,36.91 ,8.00 ,0.00 ,0.13 
2016/3/7,36.91 ,0.00 ,36.91 ,36.91 ,36.91 ,0.00 ,0.00 ,0.00 
2016/3/8,36.95 ,6.00 ,36.96 ,36.68 ,36.88 ,5.00 ,0.00 ,0.10 
2016/3/9,36.70 ,1.00 ,36.70 ,36.70 ,36.70 ,1.00 ,0.00 ,0.02 
2016/3/10,36.70 ,0.00 ,36.70 ,36.70 ,36.70 ,0.00 ,0.00 ,0.00 
2016/3/11,36.97 ,13.00 ,37.27 ,36.97 ,37.27 ,12.00 ,0.00 ,0.22 
2016/3/14,37.53 ,3.00 ,37.53 ,37.31 ,37.31 ,2.00 ,0.00 ,0.05 
2016/3/15,37.32 ,4.00 ,37.33 ,37.32 ,37.33 ,4.00 ,0.00 ,0.07 
2016/3/16,37.13 ,16.00 ,37.13 ,37.02 ,37.05 ,14.00 ,0.00 ,0.27 
2016/3/17,37.58 ,13.00 ,37.59 ,37.31 ,37.31 ,13.00 ,0.00 ,0.22 
2016/3/18,37.57 ,7.00 ,37.61 ,37.57 ,37.57 ,6.00 ,0.00 ,0.12 
2016/3/21,37.48 ,2.00 ,37.51 ,37.48 ,37.51 ,1.00 ,0.00 ,0.03 
2016/3/22,37.51 ,0.00 ,37.51 ,37.51 ,37.51 ,0.00 ,0.00 ,0.00 
2016/3/23,37.51 ,0.00 ,37.51 ,37.51 ,37.51 ,0.00 ,0.00 ,0.00 
2016/3/24,37.27 ,8.00 ,37.50 ,37.27 ,37.29 ,4.00 ,0.00 ,0.13 
2016/3/25,37.29 ,0.00 ,37.29 ,37.29 ,37.29 ,0.00 ,0.00 ,0.00 
2016/3/28,37.27 ,2.00 ,37.27 ,37.27 ,37.27 ,0.00 ,2.00 ,0.03 
2016/3/29,37.27 ,0.00 ,37.27 ,37.27 ,37.27 ,0.00 ,0.00 ,0.00 
2016/3/30,37.46 ,17.00 ,37.47 ,37.46 ,37.47 ,1.00 ,0.00 ,0.28 
2016/3/31,37.41 ,75.00 ,37.41 ,37.38 ,37.38 ,0.00 ,0.00 ,1.25 
2016/4/1,37.11 ,1.00 ,37.11 ,37.11 ,37.11 ,0.00 ,0.00 ,0.02 
2016/4/6,36.34 ,1.00 ,36.34 ,36.34 ,36.34 ,1.00 ,0.00 ,0.02 
2016/4/7,36.40 ,2.00 ,36.44 ,36.40 ,36.44 ,0.00 ,2.00 ,0.03 
2016/4/8,36.40 ,3.00 ,36.40 ,36.35 ,36.36 ,3.00 ,0.00 ,0.05 
2016/4/11,36.57 ,1.00 ,36.57 ,36.57 ,36.57 ,1.00 ,0.00 ,0.02 
2016/4/12,36.74 ,1.00 ,36.74 ,36.74 ,36.74 ,1.00 ,0.00 ,0.02 
2016/4/13,36.95 ,3.00 ,36.96 ,36.91 ,36.96 ,2.00 ,0.00 ,0.05 
2016/4/14,37.27 ,3.00 ,37.27 ,37.09 ,37.09 ,1.00 ,0.00 ,0.05 
2016/4/15,37.09 ,0.00 ,37.09 ,37.09 ,37.09 ,0.00 ,0.00 ,0.00 
2016/4/18,37.09 ,1.00 ,37.09 ,37.09 ,37.09 ,0.00 ,0.00 ,0.02 
2016/4/19,37.01 ,1.00 ,37.01 ,37.01 ,37.01 ,0.00 ,0.00 ,0.02 
2016/4/20,37.01 ,0.00 ,37.01 ,37.01 ,37.01 ,0.00 ,0.00 ,0.00 
2016/4/21,36.55 ,0.00 ,36.55 ,36.55 ,36.55 ,0.00 ,0.00 ,0.00 
2016/4/22,36.56 ,2.00 ,36.56 ,36.49 ,36.49 ,0.00 ,0.00 ,0.03 
2016/4/25,36.49 ,0.00 ,36.49 ,36.49 ,36.49 ,0.00 ,0.00 ,0.00 
2016/4/26,36.75 ,1.00 ,36.75 ,36.75 ,36.75 ,0.00 ,0.00 ,0.02 
2016/4/27,36.71 ,1.00 ,36.71 ,36.71 ,36.71 ,1.00 ,0.00 ,0.02 
2016/4/28,36.38 ,2.00 ,36.38 ,36.37 ,36.37 ,0.00 ,1.00 ,0.03 
2016/4/29,35.97 ,4.00 ,35.98 ,35.84 ,35.98 ,2.00 ,0.00 ,0.07 
2016/5/3,35.57 ,3.00 ,35.57 ,35.53 ,35.53 ,2.00 ,0.00 ,0.05 
2016/5/4,35.45 ,3.00 ,35.45 ,35.19 ,35.19 ,0.00 ,3.00 ,0.05 
2016/5/5,35.10 ,1.00 ,35.10 ,35.10 ,35.10 ,0.00 ,1.00 ,0.02 
2016/5/6,34.75 ,1.00 ,34.75 ,34.75 ,34.75 ,1.00 ,0.00 ,0.02 
2016/5/9,34.75 ,0.00 ,34.75 ,34.75 ,34.75 ,0.00 ,0.00 ,0.00 
2016/5/10,34.76 ,0.00 ,34.76 ,34.76 ,34.76 ,0.00 ,0.00 ,0.00 
2016/5/11,34.92 ,0.00 ,34.92 ,34.92 ,34.92 ,0.00 ,0.00 ,0.00 
2016/5/12,34.92 ,0.00 ,34.92 ,34.92 ,34.92 ,0.00 ,0.00 ,0.00 
2016/5/13,34.41 ,2.00 ,34.41 ,34.41 ,34.41 ,0.00 ,1.00 ,0.03 
2016/5/16,34.67 ,1.00 ,34.67 ,34.67 ,34.67 ,0.00 ,0.00 ,0.02 
2016/5/17,34.67 ,0.00 ,34.67 ,34.67 ,34.67 ,0.00 ,0.00 ,0.00 
2016/5/18,34.88 ,0.00 ,34.88 ,34.88 ,34.88 ,0.00 ,0.00 ,0.00 
2016/5/19,34.91 ,2.00 ,34.91 ,34.91 ,34.91 ,0.00 ,2.00 ,0.03 
2016/5/20,34.86 ,1.00 ,34.86 ,34.86 ,34.86 ,1.00 ,0.00 ,0.02 
2016/5/23,35.05 ,3.00 ,35.75 ,35.05 ,35.75 ,3.00 ,0.00 ,0.05 
2016/5/24,35.61 ,5.00 ,35.62 ,35.61 ,35.62 ,5.00 ,0.00 ,0.08 
2016/5/25,35.62 ,0.00 ,35.62 ,35.62 ,35.62 ,0.00 ,0.00 ,0.00 
2016/5/26,35.87 ,3.00 ,35.87 ,35.87 ,35.87 ,3.00 ,0.00 ,0.05 
2016/5/27,36.14 ,24.00 ,36.28 ,36.14 ,36.24 ,5.00 ,0.00 ,0.40 
2016/5/30,36.31 ,5.00 ,36.62 ,36.31 ,36.62 ,4.00 ,0.00 ,0.08 
2016/5/31,36.62 ,0.00 ,36.62 ,36.62 ,36.62 ,0.00 ,0.00 ,0.00 
2016/6/1,36.48 ,17.00 ,36.76 ,36.48 ,36.76 ,17.00 ,0.00 ,0.28 
2016/6/2,36.89 ,18.00 ,36.89 ,36.68 ,36.70 ,18.00 ,0.00 ,0.30 
2016/6/3,36.69 ,12.00 ,36.69 ,36.69 ,36.69 ,12.00 ,0.00 ,0.20 
2016/6/4,36.70 ,20.00 ,36.73 ,36.70 ,36.73 ,20.00 ,0.00 ,0.33 
2016/6/6,36.73 ,0.00 ,36.73 ,36.73 ,36.73 ,0.00 ,0.00 ,0.00 
2016/6/7,37.03 ,4.00 ,37.03 ,37.03 ,37.03 ,0.00 ,4.00 ,0.07 
2016/6/8,37.40 ,43.00 ,37.42 ,37.25 ,37.27 ,43.00 ,0.00 ,0.72 
2016/6/13,37.27 ,0.00 ,37.27 ,37.27 ,37.27 ,0.00 ,0.00 ,0.00 
2016/6/14,36.77 ,60.00 ,36.81 ,36.77 ,36.80 ,0.00 ,0.00 ,1.00 
2016/6/15,36.80 ,0.00 ,36.80 ,36.80 ,36.80 ,0.00 ,0.00 ,0.00 
2016/6/16,36.82 ,0.00 ,36.82 ,36.82 ,36.82 ,0.00 ,0.00 ,0.00 
2016/6/17,36.49 ,0.00 ,36.49 ,36.49 ,36.49 ,0.00 ,0.00 ,0.00 
2016/6/20,36.61 ,0.00 ,36.61 ,36.61 ,36.61 ,0.00 ,0.00 ,0.00 
2016/6/21,36.87 ,0.00 ,36.87 ,36.87 ,36.87 ,0.00 ,0.00 ,0.00 
2016/6/22,37.10 ,556.00 ,37.28 ,37.09 ,37.28 ,541.00 ,0.00 ,9.27 
2016/6/23,37.09 ,1.00 ,37.09 ,37.09 ,37.09 ,1.00 ,0.00 ,0.02 
2016/6/24,36.68 ,34.00 ,37.23 ,36.68 ,37.23 ,1.00 ,0.00 ,0.57 
2016/6/27,36.50 ,5.00 ,36.50 ,36.44 ,36.44 ,1.00 ,0.00 ,0.08 
2016/6/28,36.44 ,0.00 ,36.44 ,36.44 ,36.44 ,0.00 ,0.00 ,0.00 
2016/6/29,36.67 ,0.00 ,36.67 ,36.67 ,36.67 ,0.00 ,0.00 ,0.00 
2016/6/30,37.30 ,229.00 ,37.34 ,37.30 ,37.34 ,229.00 ,0.00 ,3.82 
2016/7/1,37.35 ,169.00 ,37.73 ,37.35 ,37.73 ,169.00 ,0.00 ,2.82 
2016/7/4,37.85 ,13.00 ,37.85 ,37.85 ,37.85 ,13.00 ,0.00 ,0.22 
2016/7/5,37.70 ,1.00 ,37.70 ,37.70 ,37.70 ,1.00 ,0.00 ,0.02 
2016/7/6,37.16 ,3.00 ,37.16 ,37.16 ,37.16 ,3.00 ,0.00 ,0.05 
2016/7/7,37.61 ,2.00 ,37.61 ,37.61 ,37.61 ,0.00 ,2.00 ,0.03 
2016/7/11,38.19 ,15.00 ,38.19 ,38.19 ,38.19 ,0.00 ,0.00 ,0.25 
2016/7/12,38.39 ,65.00 ,38.39 ,38.31 ,38.33 ,57.00 ,0.00 ,1.08 
2016/7/13,38.46 ,80.00 ,38.46 ,38.40 ,38.40 ,80.00 ,0.00 ,1.33 
2016/7/14,38.48 ,140.00 ,38.57 ,38.47 ,38.57 ,140.00 ,0.00 ,2.33 
2016/7/15,38.57 ,370.00 ,38.87 ,38.57 ,38.84 ,369.00 ,0.00 ,6.17 
2016/7/18,38.91 ,450.00 ,39.13 ,38.91 ,39.10 ,441.00 ,0.00 ,7.50 
2016/7/19,39.14 ,351.00 ,39.26 ,39.14 ,39.26 ,351.00 ,0.00 ,5.85 
2016/7/20,39.09 ,224.00 ,39.35 ,39.09 ,39.35 ,223.00 ,0.00 ,3.73 
2016/7/21,39.48 ,6.00 ,39.65 ,39.48 ,39.56 ,5.00 ,0.00 ,0.10 
2016/7/22,39.56 ,0.00 ,39.56 ,39.56 ,39.56 ,0.00 ,0.00 ,0.00 
2016/7/25,39.30 ,2.00 ,39.30 ,39.07 ,39.07 ,1.00 ,0.00 ,0.03 
2016/7/26,39.21 ,4.00 ,39.36 ,39.21 ,39.30 ,3.00 ,0.00 ,0.07 
2016/7/27,39.30 ,0.00 ,39.30 ,39.30 ,39.30 ,0.00 ,0.00 ,0.00 
2016/7/28,39.87 ,3.00 ,39.90 ,39.56 ,39.56 ,3.00 ,0.00 ,0.05 
2016/7/29,39.64 ,7.00 ,39.66 ,39.49 ,39.49 ,7.00 ,0.00 ,0.12 
2016/8/1,39.49 ,28.00 ,39.76 ,39.49 ,39.68 ,21.00 ,0.00 ,0.47 
2016/8/2,39.69 ,6.00 ,39.69 ,39.61 ,39.61 ,3.00 ,0.00 ,0.10 
2016/8/3,39.39 ,2.00 ,39.39 ,39.39 ,39.39 ,2.00 ,0.00 ,0.03 
2016/8/4,39.49 ,3.00 ,39.69 ,39.49 ,39.69 ,2.00 ,0.00 ,0.05 
2016/8/5,39.78 ,17.00 ,39.84 ,39.78 ,39.84 ,15.00 ,0.00 ,0.28 
2016/8/8,39.94 ,3.00 ,40.08 ,39.94 ,40.08 ,3.00 ,0.00 ,0.05 
2016/8/9,40.12 ,1.00 ,40.12 ,40.12 ,40.12 ,1.00 ,0.00 ,0.02 
2016/8/10,40.12 ,0.00 ,40.12 ,40.12 ,40.12 ,0.00 ,0.00 ,0.00 
2016/8/11,40.24 ,799.00 ,40.73 ,39.99 ,40.36 ,5.00 ,0.00 ,13.32 
2016/8/12,40.39 ,30.00 ,40.58 ,40.39 ,40.56 ,0.00 ,0.00 ,0.50 
2016/8/15,40.57 ,7.00 ,40.61 ,40.54 ,40.54 ,0.00 ,5.00 ,0.12 
2016/8/16,40.46 ,15.00 ,40.46 ,40.46 ,40.46 ,0.00 ,0.00 ,0.25 
2016/8/17,40.21 ,1.00 ,40.21 ,40.21 ,40.21 ,1.00 ,0.00 ,0.02 
2016/8/18,40.34 ,4.00 ,40.34 ,40.14 ,40.14 ,3.00 ,0.00 ,0.07 
2016/8/19,39.87 ,26.00 ,39.88 ,39.87 ,39.88 ,26.00 ,0.00 ,0.43 
2016/8/22,39.88 ,0.00 ,39.88 ,39.88 ,39.88 ,0.00 ,0.00 ,0.00 
2016/8/23,40.08 ,2.00 ,40.08 ,40.08 ,40.08 ,0.00 ,2.00 ,0.03 
2016/8/24,40.08 ,0.00 ,40.08 ,40.08 ,40.08 ,0.00 ,0.00 ,0.00 
2016/8/25,40.08 ,0.00 ,40.08 ,40.08 ,40.08 ,0.00 ,0.00 ,0.00 
2016/8/26,40.47 ,6.00 ,40.47 ,40.47 ,40.47 ,6.00 ,0.00 ,0.10 
2016/8/29,40.47 ,0.00 ,40.47 ,40.47 ,40.47 ,0.00 ,0.00 ,0.00 
2016/8/30,40.39 ,0.00 ,40.39 ,40.39 ,40.39 ,0.00 ,0.00 ,0.00 
2016/8/31,40.39 ,0.00 ,40.39 ,40.39 ,40.39 ,0.00 ,0.00 ,0.00 
2016/9/1,40.35 ,0.00 ,40.35 ,40.35 ,40.35 ,0.00 ,0.00 ,0.00 
2016/9/2,40.06 ,0.00 ,40.06 ,40.06 ,40.06 ,0.00 ,0.00 ,0.00 
2016/9/5,40.06 ,0.00 ,40.06 ,40.06 ,40.06 ,0.00 ,0.00 ,0.00 
2016/9/6,40.51 ,1.00 ,40.51 ,40.51 ,40.51 ,1.00 ,0.00 ,0.02 
2016/9/7,40.94 ,3.00 ,40.94 ,40.89 ,40.93 ,3.00 ,0.00 ,0.05 
2016/9/8,40.94 ,3.00 ,40.98 ,40.94 ,40.98 ,3.00 ,0.00 ,0.05 
2016/9/9,40.98 ,0.00 ,40.98 ,40.98 ,40.98 ,0.00 ,0.00 ,0.00 
2016/9/10,40.05 ,4.00 ,40.08 ,40.05 ,40.08 ,4.00 ,0.00 ,0.07 
2016/9/12,40.08 ,0.00 ,40.08 ,40.08 ,40.08 ,0.00 ,0.00 ,0.00 
2016/9/13,39.92 ,2.00 ,39.92 ,39.85 ,39.85 ,0.00 ,2.00 ,0.03 
2016/9/14,39.85 ,0.00 ,39.85 ,39.85 ,39.85 ,0.00 ,0.00 ,0.00 
2016/9/19,40.30 ,7.00 ,40.52 ,40.30 ,40.52 ,7.00 ,0.00 ,0.12 
2016/9/20,40.52 ,1.00 ,40.52 ,40.52 ,40.52 ,1.00 ,0.00 ,0.02 
2016/9/21,40.52 ,4.00 ,40.69 ,40.49 ,40.69 ,4.00 ,0.00 ,0.07 
2016/9/22,41.04 ,3.00 ,41.23 ,41.04 ,41.22 ,0.00 ,1.00 ,0.05 
2016/9/23,41.22 ,0.00 ,41.22 ,41.22 ,41.22 ,0.00 ,0.00 ,0.00 
2016/9/26,41.22 ,0.00 ,41.22 ,41.22 ,41.22 ,0.00 ,0.00 ,0.00 
2016/9/29,41.07 ,0.00 ,41.07 ,41.07 ,41.07 ,0.00 ,0.00 ,0.00 
2016/9/30,40.73 ,5.00 ,40.73 ,40.73 ,40.73 ,5.00 ,0.00 ,0.10 
2016/10/3,40.93 ,1.00 ,40.93 ,40.93 ,40.93 ,0.00 ,0.00 ,0.02 
2016/10/4,41.02 ,2.00 ,41.02 ,41.02 ,41.02 ,2.00 ,0.00 ,0.04 
2016/10/5,41.02 ,0.00 ,41.02 ,41.02 ,41.02 ,0.00 ,0.00 ,0.00 
2016/10/6,41.02 ,0.00 ,41.02 ,41.02 ,41.02 ,0.00 ,0.00 ,0.00 
2016/10/7,41.07 ,0.00 ,41.07 ,41.07 ,41.07 ,0.00 ,0.00 ,0.00 
2016/10/11,41.26 ,5.00 ,41.30 ,41.26 ,41.30 ,4.00 ,0.00 ,0.10 
2016/10/12,40.70 ,3.00 ,41.30 ,40.70 ,41.30 ,2.00 ,0.00 ,0.06 
2016/10/13,41.17 ,1.00 ,41.17 ,41.17 ,41.17 ,0.00 ,0.00 ,0.02 
2016/10/14,40.70 ,1.00 ,40.70 ,40.70 ,40.70 ,1.00 ,0.00 ,0.02 
2016/10/17,40.62 ,7.00 ,40.63 ,40.62 ,40.63 ,0.00 ,4.00 ,0.14 
2016/10/18,40.63 ,0.00 ,40.63 ,40.63 ,40.63 ,0.00 ,0.00 ,0.00 
2016/10/19,40.87 ,0.00 ,40.87 ,40.87 ,40.87 ,0.00 ,0.00 ,0.00 
2016/10/20,41.15 ,0.00 ,41.15 ,41.15 ,41.15 ,0.00 ,0.00 ,0.00 
2016/10/21,41.29 ,0.00 ,41.29 ,41.29 ,41.29 ,0.00 ,0.00 ,0.00 
2016/10/24,41.30 ,6.00 ,41.30 ,41.30 ,41.30 ,0.00 ,4.00 ,0.12 
2016/10/25,41.64 ,6.00 ,41.64 ,41.64 ,41.64 ,6.00 ,0.00 ,0.12 
2016/10/26,41.86 ,11.00 ,41.88 ,41.79 ,41.87 ,0.00 ,9.00 ,0.22 
2016/10/27,42.83 ,127.00 ,42.84 ,42.04 ,42.04 ,6.00 ,0.00 ,2.54 
2016/10/28,41.56 ,1.00 ,41.56 ,41.56 ,41.56 ,0.00 ,1.00 ,0.02 
2016/10/31,41.59 ,15.00 ,41.59 ,41.59 ,41.59 ,0.00 ,0.00 ,0.30 
2016/11/1,41.36 ,1.00 ,41.36 ,41.36 ,41.36 ,0.00 ,1.00 ,0.03 
2016/11/2,41.21 ,2.00 ,41.21 ,41.15 ,41.15 ,0.00 ,2.00 ,0.05 
2016/11/3,41.15 ,0.00 ,41.15 ,41.15 ,41.15 ,0.00 ,0.00 ,0.00 
2016/11/4,40.55 ,0.00 ,40.55 ,40.55 ,40.55 ,0.00 ,1.00 ,0.00 
2016/11/7,40.55 ,0.00 ,40.55 ,40.55 ,40.55 ,0.00 ,0.00 ,0.00 
2016/11/8,40.73 ,0.00 ,40.73 ,40.73 ,40.73 ,0.00 ,0.00 ,0.00 
2016/11/9,40.71 ,4.00 ,40.71 ,39.93 ,39.93 ,0.00 ,4.00 ,0.10 
2016/11/10,40.90 ,361.00 ,40.91 ,40.89 ,40.91 ,0.00 ,0.00 ,9.03 
2016/11/11,40.91 ,0.00 ,40.91 ,40.91 ,40.91 ,0.00 ,0.00 ,0.00 
2016/11/14,39.99 ,3.00 ,39.99 ,39.99 ,39.99 ,0.00 ,3.00 ,0.08 
2016/11/15,39.93 ,2.00 ,39.93 ,39.93 ,39.93 ,0.00 ,2.00 ,0.05 
2016/11/16,40.09 ,2.00 ,40.09 ,40.09 ,40.09 ,0.00 ,2.00 ,0.05 
2016/11/17,40.01 ,1.00 ,40.01 ,40.01 ,40.01 ,0.00 ,0.00 ,0.03 
2016/11/18,40.01 ,0.00 ,40.01 ,40.01 ,40.01 ,0.00 ,0.00 ,0.00 
2016/11/21,40.01 ,0.00 ,40.01 ,40.01 ,40.01 ,0.00 ,0.00 ,0.00 
2016/11/22,40.03 ,0.00 ,40.03 ,40.03 ,40.03 ,0.00 ,0.00 ,0.00 
2016/11/23,40.46 ,0.00 ,40.46 ,40.46 ,40.46 ,0.00 ,0.00 ,0.00 
2016/11/24,40.65 ,0.00 ,40.65 ,40.65 ,40.65 ,0.00 ,0.00 ,0.00 
2016/11/25,40.65 ,0.00 ,40.65 ,40.65 ,40.65 ,0.00 ,0.00 ,0.00 
2016/11/28,40.66 ,1.00 ,40.66 ,40.66 ,40.66 ,1.00 ,0.00 ,0.03 
2016/11/29,40.66 ,0.00 ,40.66 ,40.66 ,40.66 ,0.00 ,0.00 ,0.00 
2016/11/30,40.86 ,0.00 ,40.86 ,40.86 ,40.86 ,0.00 ,0.00 ,0.00 
2016/12/1,41.03 ,6.00 ,41.03 ,41.03 ,41.03 ,0.00 ,4.00 ,0.15 
2016/12/2,41.03 ,0.00 ,41.03 ,41.03 ,41.03 ,0.00 ,0.00 ,0.00 
2016/12/5,41.02 ,0.00 ,41.02 ,41.02 ,41.02 ,0.00 ,0.00 ,0.00 
2016/12/6,40.98 ,6.00 ,40.98 ,40.98 ,40.98 ,0.00 ,4.00 ,0.15 
2016/12/7,40.98 ,0.00 ,40.98 ,40.98 ,40.98 ,0.00 ,0.00 ,0.00 
2016/12/8,41.26 ,32.00 ,41.48 ,41.26 ,41.39 ,24.00 ,0.00 ,0.80 
2016/12/9,41.39 ,0.00 ,41.39 ,41.39 ,41.39 ,0.00 ,0.00 ,0.00 
2016/12/12,41.47 ,4.00 ,41.47 ,41.37 ,41.37 ,3.00 ,0.00 ,0.10 
2016/12/13,41.37 ,0.00 ,41.37 ,41.37 ,41.37 ,0.00 ,0.00 ,0.00 
2016/12/14,41.57 ,2.00 ,41.66 ,41.57 ,41.66 ,0.00 ,0.00 ,0.05 
2016/12/15,41.66 ,0.00 ,41.66 ,41.66 ,41.66 ,0.00 ,0.00 ,0.00 
2016/12/16,41.66 ,0.00 ,41.66 ,41.66 ,41.66 ,0.00 ,0.00 ,0.00 
2016/12/19,41.62 ,0.00 ,41.62 ,41.62 ,41.62 ,0.00 ,0.00 ,0.00 
2016/12/20,41.25 ,0.00 ,41.25 ,41.25 ,41.25 ,0.00 ,0.00 ,0.00 
2016/12/21,41.21 ,0.00 ,41.21 ,41.21 ,41.21 ,0.00 ,0.00 ,0.00 
2016/12/22,41.10 ,0.00 ,41.10 ,41.10 ,41.10 ,0.00 ,0.00 ,0.00 
2016/12/23,40.64 ,3.00 ,40.66 ,40.60 ,40.60 ,0.00 ,3.00 ,0.08 
2016/12/26,40.60 ,0.00 ,40.60 ,40.60 ,40.60 ,0.00 ,0.00 ,0.00 
2016/12/27,40.60 ,0.00 ,40.60 ,40.60 ,40.60 ,0.00 ,0.00 ,0.00 
2016/12/28,40.59 ,1.00 ,40.59 ,40.59 ,40.59 ,1.00 ,0.00 ,0.03 
2016/12/29,40.96 ,1.00 ,40.96 ,40.96 ,40.96 ,0.00 ,1.00 ,0.03 
2016/12/30,40.96 ,0.00 ,40.96 ,40.96 ,40.96 ,0.00 ,0.00 ,0.00 
2017/1/3,40.96 ,0.00 ,40.96 ,40.96 ,40.96 ,0.00 ,0.00 ,0.00 
2017/1/4,40.96 ,0.00 ,40.96 ,40.96 ,40.96 ,0.00 ,0.00 ,0.00 
2017/1/5,41.05 ,3.00 ,41.21 ,41.05 ,41.21 ,3.00 ,0.00 ,0.08 
2017/1/6,41.39 ,6.00 ,41.39 ,41.39 ,41.39 ,0.00 ,5.00 ,0.15 
2017/1/9,41.39 ,0.00 ,41.39 ,41.39 ,41.39 ,0.00 ,0.00 ,0.00 
2017/1/10,41.39 ,0.00 ,41.39 ,41.39 ,41.39 ,0.00 ,0.00 ,0.00 
2017/1/11,41.39 ,0.00 ,41.39 ,41.39 ,41.39 ,0.00 ,0.00 ,0.00 
2017/1/12,41.39 ,25.00 ,41.68 ,41.39 ,41.68 ,1.00 ,0.00 ,0.63 
2017/1/13,41.66 ,1.00 ,41.66 ,41.66 ,41.66 ,0.00 ,0.00 ,0.03 
2017/1/16,41.66 ,0.00 ,41.66 ,41.66 ,41.66 ,0.00 ,0.00 ,0.00 
2017/1/17,41.48 ,0.00 ,41.48 ,41.48 ,41.48 ,0.00 ,0.00 ,0.00 
2017/1/18,41.23 ,202.00 ,41.25 ,40.86 ,41.02 ,0.00 ,40.00 ,6.73 
2017/1/19,41.22 ,213.00 ,41.22 ,40.92 ,40.92 ,0.00 ,20.00 ,7.10 
2017/1/20,40.92 ,197.00 ,40.99 ,40.69 ,40.98 ,0.00 ,7.00 ,6.57 
2017/1/23,41.13 ,215.00 ,41.35 ,41.13 ,41.35 ,19.00 ,0.00 ,7.17 
2017/1/24,41.43 ,40.00 ,41.83 ,41.43 ,41.83 ,16.00 ,0.00 ,1.33 
2017/2/2,41.83 ,0.00 ,41.83 ,41.83 ,41.83 ,0.00 ,0.00 ,0.00 
2017/2/3,41.76 ,0.00 ,41.76 ,41.76 ,41.76 ,0.00 ,0.00 ,0.00 
2017/2/6,41.81 ,4.00 ,41.81 ,41.81 ,41.81 ,4.00 ,0.00 ,0.13 
2017/2/7,41.81 ,0.00 ,41.81 ,41.81 ,41.81 ,0.00 ,0.00 ,0.00 
2017/2/8,41.87 ,0.00 ,41.87 ,41.87 ,41.87 ,0.00 ,0.00 ,0.00 
2017/2/9,41.87 ,0.00 ,41.87 ,41.87 ,41.87 ,0.00 ,0.00 ,0.00 
2017/2/10,42.95 ,2.00 ,42.96 ,42.95 ,42.96 ,0.00 ,2.00 ,0.07 
2017/2/13,43.01 ,4.00 ,43.01 ,42.72 ,42.72 ,1.00 ,0.00 ,0.13 
2017/2/14,42.88 ,4.00 ,42.89 ,42.84 ,42.84 ,4.00 ,0.00 ,0.13 
2017/2/15,42.84 ,0.00 ,42.84 ,42.84 ,42.84 ,0.00 ,0.00 ,0.00 
2017/2/16,43.19 ,0.00 ,43.19 ,43.19 ,43.19 ,0.00 ,0.00 ,0.00 
2017/2/17,43.03 ,5.00 ,43.03 ,43.03 ,43.03 ,5.00 ,0.00 ,0.17 
2017/2/18,43.10 ,1.00 ,43.10 ,43.10 ,43.10 ,1.00 ,0.00 ,0.03 
2017/2/20,43.10 ,0.00 ,43.10 ,43.10 ,43.10 ,0.00 ,0.00 ,0.00 
2017/2/21,43.10 ,0.00 ,43.10 ,43.10 ,43.10 ,0.00 ,0.00 ,0.00 
2017/2/22,43.10 ,0.00 ,43.10 ,43.10 ,43.10 ,0.00 ,0.00 ,0.00 
2017/2/23,43.10 ,0.00 ,43.10 ,43.10 ,43.10 ,0.00 ,0.00 ,0.00 
2017/2/24,43.10 ,0.00 ,43.10 ,43.10 ,43.10 ,0.00 ,0.00 ,0.00 
2017/3/1,43.10 ,0.00 ,43.10 ,43.10 ,43.10 ,0.00 ,0.00 ,0.00 
2017/3/2,42.80 ,1.00 ,42.80 ,42.80 ,42.80 ,1.00 ,0.00 ,0.03 
2017/3/3,42.80 ,0.00 ,42.80 ,42.80 ,42.80 ,0.00 ,0.00 ,0.00 
2017/3/6,42.80 ,1.00 ,42.80 ,42.80 ,42.80 ,0.00 ,0.00 ,0.03 
2017/3/7,43.34 ,140.00 ,43.34 ,43.30 ,43.30 ,30.00 ,0.00 ,4.67 
2017/3/8,43.37 ,38.00 ,43.49 ,43.37 ,43.49 ,38.00 ,0.00 ,1.27 
2017/3/9,43.49 ,0.00 ,43.49 ,43.49 ,43.49 ,0.00 ,0.00 ,0.00 
2017/3/10,43.04 ,0.00 ,43.04 ,43.04 ,43.04 ,0.00 ,0.00 ,0.00 
2017/3/13,43.16 ,1.00 ,43.16 ,43.16 ,43.16 ,1.00 ,0.00 ,0.03 
2017/3/14,43.16 ,0.00 ,43.16 ,43.16 ,43.16 ,0.00 ,0.00 ,0.00 
2017/3/15,43.37 ,0.00 ,43.37 ,43.37 ,43.37 ,0.00 ,0.00 ,0.00 
2017/3/16,43.34 ,0.00 ,43.34 ,43.34 ,43.34 ,0.00 ,0.00 ,0.00 
2017/3/17,43.74 ,0.00 ,43.74 ,43.74 ,43.74 ,0.00 ,0.00 ,0.00 
2017/3/20,43.98 ,20.00 ,44.05 ,43.98 ,44.05 ,0.00 ,2.00 ,0.67 
2017/3/21,44.23 ,15.00 ,44.23 ,44.23 ,44.23 ,2.00 ,0.00 ,0.50 
2017/3/22,44.01 ,1.00 ,44.01 ,44.01 ,44.01 ,0.00 ,1.00 ,0.03 
2017/3/23,44.08 ,15.00 ,44.08 ,44.08 ,44.08 ,1.00 ,0.00 ,0.50 
2017/3/24,44.08 ,0.00 ,44.08 ,44.08 ,44.08 ,0.00 ,0.00 ,0.00 
2017/3/27,44.07 ,2.00 ,44.07 ,44.07 ,44.07 ,2.00 ,0.00 ,0.07 
2017/3/28,44.07 ,0.00 ,44.07 ,44.07 ,44.07 ,0.00 ,0.00 ,0.00 
2017/3/29,43.98 ,0.00 ,43.98 ,43.98 ,43.98 ,0.00 ,0.00 ,0.00 
2017/3/30,43.87 ,1.00 ,43.87 ,43.87 ,43.87 ,1.00 ,0.00 ,0.03 
2017/3/31,43.87 ,0.00 ,43.87 ,43.87 ,43.87 ,0.00 ,0.00 ,0.00 
2017/4/5,44.15 ,6.00 ,44.15 ,44.15 ,44.15 ,0.00 ,6.00 ,0.20 
2017/4/6,44.08 ,1.00 ,44.08 ,44.08 ,44.08 ,0.00 ,1.00 ,0.03 
2017/4/7,44.08 ,0.00 ,44.08 ,44.08 ,44.08 ,0.00 ,0.00 ,0.00 
2017/4/10,44.00 ,1.00 ,44.00 ,44.00 ,44.00 ,0.00 ,1.00 ,0.03 
2017/4/11,44.00 ,2.00 ,44.00 ,43.98 ,43.98 ,0.00 ,0.00 ,0.07 
2017/4/12,43.98 ,0.00 ,43.98 ,43.98 ,43.98 ,0.00 ,0.00 ,0.00 
2017/4/13,43.71 ,0.00 ,43.71 ,43.71 ,43.71 ,0.00 ,0.00 ,0.00 
2017/4/14,43.78 ,0.00 ,43.78 ,43.78 ,43.78 ,0.00 ,0.00 ,0.00 
2017/4/17,43.14 ,15.00 ,43.14 ,43.14 ,43.14 ,0.00 ,0.00 ,0.50 
2017/4/18,43.28 ,2.00 ,43.30 ,43.28 ,43.30 ,2.00 ,0.00 ,0.07 
2017/4/19,43.30 ,0.00 ,43.30 ,43.30 ,43.30 ,0.00 ,0.00 ,0.00 
2017/4/20,42.94 ,1.00 ,42.94 ,42.94 ,42.94 ,0.00 ,1.00 ,0.03 
2017/4/21,42.94 ,0.00 ,42.94 ,42.94 ,42.94 ,0.00 ,0.00 ,0.00 
2017/4/24,43.20 ,0.00 ,43.20 ,43.20 ,43.20 ,0.00 ,0.00 ,0.00 
2017/4/25,43.20 ,0.00 ,43.20 ,43.20 ,43.20 ,0.00 ,0.00 ,0.00 
2017/4/26,43.73 ,0.00 ,43.73 ,43.73 ,43.73 ,0.00 ,0.00 ,0.00 
2017/4/27,43.82 ,0.00 ,43.82 ,43.82 ,43.82 ,0.00 ,0.00 ,0.00 
2017/4/28,43.83 ,0.00 ,43.83 ,43.83 ,43.83 ,0.00 ,0.00 ,0.00 
2017/5/2,44.24 ,30.00 ,44.24 ,44.24 ,44.24 ,0.00 ,30.00 ,1.00 
2017/5/3,44.24 ,0.00 ,44.24 ,44.24 ,44.24 ,0.00 ,0.00 ,0.00 
2017/5/4,44.32 ,1.00 ,44.32 ,44.32 ,44.32 ,1.00 ,0.00 ,0.03 
2017/5/5,44.24 ,17.00 ,44.24 ,44.17 ,44.17 ,2.00 ,0.00 ,0.57 
2017/5/8,44.10 ,2.00 ,44.10 ,44.10 ,44.10 ,2.00 ,0.00 ,0.07 
2017/5/9,44.19 ,1.00 ,44.19 ,44.19 ,44.19 ,0.00 ,0.00 ,0.03 
2017/5/10,44.26 ,6.00 ,44.35 ,44.26 ,44.35 ,6.00 ,0.00 ,0.20 
2017/5/11,44.53 ,32.00 ,44.58 ,44.43 ,44.43 ,0.00 ,28.00 ,1.07 
2017/5/12,44.53 ,2.00 ,44.53 ,44.52 ,44.52 ,0.00 ,2.00 ,0.07 
2017/5/15,44.55 ,8.00 ,44.66 ,44.55 ,44.66 ,8.00 ,0.00 ,0.27 
2017/5/16,44.58 ,6.00 ,44.67 ,44.58 ,44.67 ,0.00 ,0.00 ,0.20 
2017/5/17,44.40 ,3.00 ,44.40 ,44.40 ,44.40 ,3.00 ,0.00 ,0.10 
2017/5/18,44.40 ,0.00 ,44.40 ,44.40 ,44.40 ,0.00 ,0.00 ,0.00 
2017/5/19,44.40 ,0.00 ,44.40 ,44.40 ,44.40 ,0.00 ,1.00 ,0.00 
2017/5/22,44.42 ,30.00 ,44.44 ,44.42 ,44.44 ,0.00 ,20.00 ,1.00 
2017/5/23,44.44 ,0.00 ,44.44 ,44.44 ,44.44 ,0.00 ,0.00 ,0.00 
2017/5/24,44.54 ,0.00 ,44.54 ,44.54 ,44.54 ,0.00 ,0.00 ,0.00 
2017/5/25,44.89 ,4.00 ,44.93 ,44.84 ,44.93 ,2.00 ,0.00 ,0.13 
2017/5/26,44.98 ,6.00 ,44.98 ,44.98 ,44.98 ,6.00 ,0.00 ,0.20 
2017/5/31,44.89 ,3.00 ,44.89 ,44.66 ,44.66 ,0.00 ,1.00 ,0.10 
2017/6/1,44.93 ,29.00 ,44.93 ,44.84 ,44.84 ,0.00 ,29.00 ,0.97 
2017/6/2,44.84 ,0.00 ,44.84 ,44.84 ,44.84 ,0.00 ,0.00 ,0.00 
2017/6/3,45.07 ,1.00 ,45.07 ,45.07 ,45.07 ,1.00 ,0.00 ,0.03 
2017/6/5,45.16 ,5.00 ,45.25 ,45.16 ,45.25 ,5.00 ,0.00 ,0.17 
2017/6/6,45.43 ,3.00 ,45.43 ,45.43 ,45.43 ,0.00 ,3.00 ,0.10 
2017/6/7,45.56 ,5.00 ,45.56 ,45.29 ,45.29 ,0.00 ,3.00 ,0.17 
2017/6/8,45.38 ,2.00 ,45.43 ,45.38 ,45.43 ,2.00 ,0.00 ,0.07 
2017/6/9,45.52 ,2.00 ,45.61 ,45.52 ,45.61 ,0.00 ,0.00 ,0.07 
2017/6/12,45.16 ,9.00 ,45.16 ,45.16 ,45.16 ,0.00 ,9.00 ,0.30 
2017/6/13,45.16 ,0.00 ,45.16 ,45.16 ,45.16 ,0.00 ,0.00 ,0.00 
2017/6/14,45.07 ,1.00 ,45.07 ,45.07 ,45.07 ,0.00 ,1.00 ,0.03 
2017/6/15,44.93 ,2.00 ,44.93 ,44.93 ,44.93 ,0.00 ,2.00 ,0.07 
2017/6/16,44.89 ,1.00 ,44.89 ,44.89 ,44.89 ,1.00 ,0.00 ,0.03 
2017/6/19,45.25 ,8.00 ,45.56 ,45.25 ,45.56 ,0.00 ,1.00 ,0.27 
2017/6/20,45.87 ,5.00 ,45.87 ,45.87 ,45.87 ,5.00 ,0.00 ,0.17 
2017/6/21,45.96 ,30.00 ,46.05 ,45.87 ,46.05 ,0.00 ,30.00 ,1.00 
2017/6/22,46.19 ,2.00 ,46.19 ,46.19 ,46.19 ,2.00 ,0.00 ,0.07 
2017/6/23,46.19 ,3.00 ,46.19 ,46.19 ,46.19 ,3.00 ,0.00 ,0.10 
2017/6/26,46.59 ,5.00 ,46.99 ,46.59 ,46.99 ,2.00 ,0.00 ,0.17 
2017/6/27,47.13 ,8.00 ,47.13 ,47.13 ,47.13 ,0.00 ,8.00 ,0.27 
2017/6/28,46.95 ,2.00 ,46.95 ,46.95 ,46.95 ,0.00 ,2.00 ,0.07 
2017/6/29,46.95 ,6.00 ,47.04 ,46.95 ,47.04 ,2.00 ,0.00 ,0.20 
2017/6/30,46.50 ,1.00 ,46.50 ,46.50 ,46.50 ,1.00 ,0.00 ,0.03 
2017/7/3,46.64 ,30.00 ,46.77 ,46.64 ,46.77 ,0.00 ,26.00 ,1.00 
2017/7/4,46.77 ,0.00 ,46.77 ,46.77 ,46.77 ,0.00 ,0.00 ,0.00 
2017/7/5,46.68 ,3.00 ,46.68 ,46.68 ,46.68 ,3.00 ,0.00 ,0.10 
2017/7/6,46.68 ,0.00 ,46.68 ,46.68 ,46.68 ,0.00 ,0.00 ,0.00 
2017/7/7,46.73 ,0.00 ,46.73 ,46.73 ,46.73 ,0.00 ,0.00 ,0.00 
2017/7/10,46.59 ,0.00 ,46.59 ,46.59 ,46.59 ,0.00 ,0.00 ,0.00 
2017/7/11,46.82 ,29.00 ,46.99 ,46.82 ,46.99 ,0.00 ,29.00 ,0.97 
2017/7/12,46.99 ,0.00 ,46.99 ,46.99 ,46.99 ,0.00 ,0.00 ,0.00 
2017/7/13,47.35 ,2.00 ,47.49 ,47.35 ,47.49 ,2.00 ,0.00 ,0.07 
2017/7/14,47.49 ,0.00 ,47.49 ,47.49 ,47.49 ,0.00 ,0.00 ,0.00 
2017/7/17,47.62 ,3.00 ,47.62 ,47.58 ,47.58 ,3.00 ,0.00 ,0.10 
2017/7/18,47.58 ,2.00 ,47.58 ,47.58 ,47.58 ,2.00 ,0.00 ,0.07 
2017/7/19,47.58 ,0.00 ,47.58 ,47.58 ,47.58 ,0.00 ,0.00 ,0.00 
2017/7/20,47.80 ,11.00 ,47.80 ,47.76 ,47.76 ,11.00 ,0.00 ,0.37 
2017/7/21,47.89 ,28.00 ,47.89 ,47.76 ,47.76 ,0.00 ,28.00 ,0.93 
2017/7/24,47.58 ,4.00 ,47.58 ,47.53 ,47.53 ,4.00 ,0.00 ,0.13 
2017/7/25,47.53 ,0.00 ,47.53 ,47.53 ,47.53 ,0.00 ,0.00 ,0.00 
2017/7/26,47.76 ,0.00 ,47.76 ,47.76 ,47.76 ,0.00 ,0.00 ,0.00 
2017/7/27,47.94 ,2.00 ,48.03 ,47.94 ,48.03 ,1.00 ,0.00 ,0.07 
2017/7/28,48.03 ,0.00 ,48.03 ,48.03 ,48.03 ,0.00 ,0.00 ,0.00 
2017/7/31,47.80 ,0.00 ,47.80 ,47.80 ,47.80 ,0.00 ,0.00 ,0.00 
2017/8/1,47.80 ,28.00 ,47.94 ,47.80 ,47.94 ,0.00 ,28.00 ,0.93 
2017/8/2,48.11 ,2.00 ,48.11 ,48.11 ,48.11 ,2.00 ,0.00 ,0.07 
2017/8/3,47.89 ,1.00 ,47.89 ,47.89 ,47.89 ,1.00 ,0.00 ,0.03 
2017/8/4,47.89 ,0.00 ,47.89 ,47.89 ,47.89 ,0.00 ,0.00 ,0.00 
2017/8/7,48.34 ,1.00 ,48.34 ,48.34 ,48.34 ,1.00 ,0.00 ,0.03 
2017/8/8,48.34 ,0.00 ,48.34 ,48.34 ,48.34 ,0.00 ,0.00 ,0.00 
2017/8/9,48.47 ,0.00 ,48.47 ,48.47 ,48.47 ,0.00 ,0.00 ,0.00 
2017/8/10,47.71 ,2.00 ,47.71 ,47.71 ,47.71 ,2.00 ,0.00 ,0.07 
2017/8/11,47.31 ,28.00 ,47.49 ,47.31 ,47.49 ,0.00 ,27.00 ,0.93 
2017/8/14,47.49 ,0.00 ,47.49 ,47.49 ,47.49 ,0.00 ,0.00 ,0.00 
2017/8/15,47.67 ,4.00 ,47.67 ,47.58 ,47.58 ,0.00 ,4.00 ,0.13 
2017/8/16,47.58 ,2.00 ,47.58 ,47.44 ,47.44 ,0.00 ,2.00 ,0.07 
2017/8/17,47.58 ,1.00 ,47.58 ,47.58 ,47.58 ,1.00 ,0.00 ,0.03 
2017/8/18,47.49 ,1.00 ,47.49 ,47.49 ,47.49 ,1.00 ,0.00 ,0.03 
2017/8/21,47.58 ,32.00 ,47.67 ,47.58 ,47.67 ,0.00 ,24.00 ,1.07 
2017/8/22,47.89 ,2.00 ,47.89 ,47.89 ,47.89 ,2.00 ,0.00 ,0.07 
2017/8/23,48.20 ,2.00 ,48.20 ,48.03 ,48.03 ,1.00 ,0.00 ,0.07 
2017/8/24,48.29 ,1.00 ,48.29 ,48.29 ,48.29 ,0.00 ,0.00 ,0.03 
2017/8/25,48.38 ,3.00 ,48.38 ,48.38 ,48.38 ,3.00 ,0.00 ,0.10 
2017/8/28,48.65 ,2.00 ,48.65 ,48.65 ,48.65 ,0.00 ,2.00 ,0.07 
2017/8/29,48.65 ,0.00 ,48.65 ,48.65 ,48.65 ,0.00 ,0.00 ,0.00 
2017/8/30,48.52 ,0.00 ,48.52 ,48.52 ,48.52 ,0.00 ,0.00 ,0.00 
2017/8/31,49.06 ,4.00 ,49.06 ,48.97 ,48.97 ,0.00 ,4.00 ,0.13 
2017/9/1,48.97 ,27.00 ,48.97 ,48.92 ,48.92 ,0.00 ,27.00 ,0.90 
2017/9/4,48.74 ,3.00 ,48.83 ,48.74 ,48.83 ,3.00 ,0.00 ,0.10 
2017/9/5,48.83 ,0.00 ,48.83 ,48.83 ,48.83 ,0.00 ,0.00 ,0.00 
2017/9/6,48.88 ,0.00 ,48.88 ,48.88 ,48.88 ,0.00 ,0.00 ,0.00 
2017/9/7,48.74 ,0.00 ,48.74 ,48.74 ,48.74 ,0.00 ,0.00 ,0.00 
2017/9/8,48.70 ,0.00 ,48.70 ,48.70 ,48.70 ,0.00 ,0.00 ,0.00 
2017/9/11,49.06 ,28.00 ,49.06 ,48.83 ,48.83 ,0.00 ,26.00 ,0.93 
2017/9/12,49.10 ,8.00 ,49.10 ,49.01 ,49.01 ,0.00 ,8.00 ,0.27 
2017/9/13,49.01 ,0.00 ,49.01 ,49.01 ,49.01 ,0.00 ,0.00 ,0.00 
2017/9/14,48.65 ,0.00 ,48.65 ,48.65 ,48.65 ,0.00 ,0.00 ,0.00 
2017/9/15,48.65 ,16.00 ,48.65 ,48.56 ,48.61 ,14.00 ,0.00 ,0.53 
2017/9/18,48.92 ,2.00 ,48.92 ,48.92 ,48.92 ,2.00 ,0.00 ,0.07 
2017/9/19,49.10 ,3.00 ,49.10 ,49.01 ,49.01 ,3.00 ,0.00 ,0.10 
2017/9/20,48.29 ,6.00 ,48.29 ,48.29 ,48.29 ,6.00 ,0.00 ,0.20 
2017/9/21,48.74 ,27.00 ,48.92 ,48.74 ,48.92 ,0.00 ,27.00 ,0.90 
2017/9/22,48.11 ,7.00 ,48.11 ,48.11 ,48.11 ,7.00 ,0.00 ,0.23 
2017/9/25,48.11 ,0.00 ,48.11 ,48.11 ,48.11 ,0.00 ,0.00 ,0.00 
2017/9/26,47.44 ,1.00 ,47.44 ,47.44 ,47.44 ,0.00 ,1.00 ,0.03 
2017/9/27,47.62 ,1.00 ,47.62 ,47.62 ,47.62 ,1.00 ,0.00 ,0.03 
2017/9/28,47.62 ,0.00 ,47.62 ,47.62 ,47.62 ,0.00 ,0.00 ,0.00 
2017/9/29,47.62 ,0.00 ,47.62 ,47.62 ,47.62 ,0.00 ,0.00 ,0.00 
2017/9/30,47.89 ,1.00 ,47.89 ,47.89 ,47.89 ,1.00 ,0.00 ,0.03 
2017/10/2,48.20 ,29.00 ,48.29 ,48.07 ,48.29 ,0.00 ,25.00 ,0.97 
2017/10/3,48.29 ,0.00 ,48.29 ,48.29 ,48.29 ,0.00 ,0.00 ,0.00 
2017/10/5,48.29 ,0.00 ,48.29 ,48.29 ,48.29 ,0.00 ,0.00 ,0.00 
2017/10/6,48.38 ,0.00 ,48.38 ,48.38 ,48.38 ,0.00 ,0.00 ,0.00 
2017/10/11,49.10 ,38.00 ,49.23 ,48.97 ,48.97 ,0.00 ,15.00 ,1.27 
2017/10/12,48.97 ,0.00 ,48.97 ,48.97 ,48.97 ,0.00 ,0.00 ,0.00 
2017/10/13,49.32 ,0.00 ,49.32 ,49.32 ,49.32 ,0.00 ,0.00 ,0.00 
2017/10/16,49.32 ,0.00 ,49.32 ,49.32 ,49.32 ,0.00 ,0.00 ,0.00 
2017/10/17,49.68 ,4.00 ,49.68 ,49.64 ,49.64 ,0.00 ,4.00 ,0.13 
2017/10/18,49.64 ,0.00 ,49.64 ,49.64 ,49.64 ,0.00 ,0.00 ,0.00 
2017/10/19,49.55 ,1.00 ,49.55 ,49.55 ,49.55 ,1.00 ,0.00 ,0.03 
2017/10/20,49.55 ,0.00 ,49.55 ,49.55 ,49.55 ,0.00 ,0.00 ,0.00 
2017/10/23,49.59 ,28.00 ,49.73 ,49.59 ,49.68 ,0.00 ,26.00 ,0.93 
2017/10/24,49.68 ,0.00 ,49.68 ,49.68 ,49.68 ,0.00 ,0.00 ,0.00 
2017/10/25,49.64 ,0.00 ,49.64 ,49.64 ,49.64 ,0.00 ,0.00 ,0.00 
2017/10/26,49.59 ,2.00 ,49.59 ,49.59 ,49.59 ,0.00 ,2.00 ,0.07 
2017/10/27,49.55 ,1.00 ,49.55 ,49.55 ,49.55 ,0.00 ,1.00 ,0.03 
2017/10/30,49.68 ,5.00 ,49.68 ,49.68 ,49.68 ,0.00 ,5.00 ,0.17 
2017/10/31,49.73 ,7.00 ,49.73 ,49.68 ,49.73 ,1.00 ,0.00 ,0.23 
2017/11/1,49.78 ,28.00 ,50.01 ,49.78 ,49.91 ,0.00 ,25.00 ,0.93 
2017/11/2,49.87 ,2.00 ,49.87 ,49.87 ,49.87 ,0.00 ,1.00 ,0.07 
2017/11/3,49.87 ,0.00 ,49.87 ,49.87 ,49.87 ,0.00 ,0.00 ,0.00 
2017/11/6,49.87 ,0.00 ,49.87 ,49.87 ,49.87 ,0.00 ,0.00 ,0.00 
2017/11/7,49.82 ,0.00 ,49.82 ,49.82 ,49.82 ,0.00 ,0.00 ,0.00 
2017/11/8,49.82 ,0.00 ,49.82 ,49.82 ,49.82 ,0.00 ,0.00 ,0.00 
2017/11/9,49.68 ,1.00 ,49.68 ,49.68 ,49.68 ,1.00 ,0.00 ,0.03 
2017/11/10,49.68 ,0.00 ,49.68 ,49.68 ,49.68 ,0.00 ,0.00 ,0.00 
2017/11/13,49.50 ,30.00 ,49.59 ,49.36 ,49.36 ,0.00 ,26.00 ,1.00 
2017/11/14,49.36 ,0.00 ,49.36 ,49.36 ,49.36 ,0.00 ,0.00 ,0.00 
2017/11/15,48.90 ,1.00 ,48.90 ,48.90 ,48.90 ,1.00 ,0.00 ,0.03 
2017/11/16,49.04 ,4.00 ,49.17 ,48.94 ,49.17 ,0.00 ,2.00 ,0.13 
2017/11/17,49.27 ,1.00 ,49.27 ,49.27 ,49.27 ,1.00 ,0.00 ,0.03 
2017/11/20,49.27 ,0.00 ,49.27 ,49.27 ,49.27 ,0.00 ,0.00 ,0.00 
2017/11/21,49.45 ,28.00 ,49.59 ,49.41 ,49.59 ,0.00 ,28.00 ,0.93 
2017/11/22,49.59 ,0.00 ,49.59 ,49.59 ,49.59 ,0.00 ,0.00 ,0.00 
2017/11/23,49.91 ,1.00 ,49.91 ,49.91 ,49.91 ,1.00 ,0.00 ,0.03 
2017/11/24,49.91 ,0.00 ,49.91 ,49.91 ,49.91 ,0.00 ,0.00 ,0.00 
2017/11/27,49.91 ,4.00 ,49.91 ,49.64 ,49.64 ,0.00 ,4.00 ,0.13 
2017/11/28,49.17 ,3.00 ,49.17 ,49.17 ,49.17 ,3.00 ,0.00 ,0.10 
2017/11/29,49.17 ,0.00 ,49.17 ,49.17 ,49.17 ,0.00 ,0.00 ,0.00 
2017/11/30,49.22 ,0.00 ,49.22 ,49.22 ,49.22 ,0.00 ,0.00 ,0.00 
2017/12/1,49.91 ,30.00 ,49.91 ,48.57 ,49.17 ,0.00 ,30.00 ,1.00 
2017/12/4,49.17 ,0.00 ,49.17 ,49.17 ,49.17 ,0.00 ,0.00 ,0.00 
2017/12/5,49.13 ,0.00 ,49.13 ,49.13 ,49.13 ,0.00 ,0.00 ,0.00 
2017/12/6,47.97 ,2.00 ,47.97 ,47.97 ,47.97 ,2.00 ,0.00 ,0.07 
2017/12/7,47.97 ,0.00 ,47.97 ,47.97 ,47.97 ,0.00 ,0.00 ,0.00 
2017/12/8,47.79 ,0.00 ,47.79 ,47.79 ,47.79 ,0.00 ,0.00 ,0.00 
2017/12/11,48.30 ,28.00 ,48.30 ,48.25 ,48.30 ,0.00 ,28.00 ,0.93 
2017/12/12,47.93 ,25.00 ,47.93 ,47.93 ,47.93 ,0.00 ,0.00 ,0.83 
2017/12/13,47.97 ,100.00 ,48.02 ,47.97 ,47.97 ,0.00 ,0.00 ,3.33 
2017/12/14,48.39 ,60.00 ,48.39 ,48.34 ,48.34 ,0.00 ,0.00 ,2.00 
2017/12/15,48.34 ,2.00 ,48.34 ,48.34 ,48.34 ,0.00 ,2.00 ,0.07 
2017/12/18,48.34 ,0.00 ,48.34 ,48.34 ,48.34 ,0.00 ,0.00 ,0.00 
2017/12/19,48.34 ,0.00 ,48.34 ,48.34 ,48.34 ,0.00 ,0.00 ,0.00 
2017/12/20,48.25 ,0.00 ,48.25 ,48.25 ,48.25 ,0.00 ,0.00 ,0.00 
2017/12/21,48.43 ,28.00 ,48.53 ,48.39 ,48.39 ,0.00 ,28.00 ,0.93 
2017/12/22,48.39 ,0.00 ,48.39 ,48.39 ,48.39 ,0.00 ,0.00 ,0.00 
2017/12/25,48.30 ,9.00 ,48.30 ,48.30 ,48.30 ,9.00 ,0.00 ,0.30 
2017/12/26,48.34 ,17.00 ,48.34 ,47.93 ,47.93 ,14.00 ,0.00 ,0.57 
2017/12/27,48.02 ,13.00 ,48.07 ,48.02 ,48.07 ,13.00 ,0.00 ,0.43 
2017/12/28,48.57 ,12.00 ,48.57 ,48.53 ,48.53 ,8.00 ,0.00 ,0.40 
2017/12/29,48.76 ,15.00 ,48.94 ,48.76 ,48.94 ,0.00 ,5.00 ,0.50 
2018/1/2,49.04 ,38.00 ,49.17 ,48.94 ,49.17 ,2.00 ,0.00 ,1.27 
2018/1/3,49.31 ,2.00 ,49.36 ,49.31 ,49.36 ,2.00 ,0.00 ,0.07 
2018/1/4,49.59 ,17.00 ,49.59 ,49.54 ,49.54 ,16.00 ,0.00 ,0.57 
2018/1/5,49.82 ,5.00 ,49.91 ,49.68 ,49.91 ,0.00 ,1.00 ,0.17 
2018/1/8,49.91 ,1.00 ,49.91 ,49.91 ,49.91 ,1.00 ,0.00 ,0.03 
2018/1/9,50.05 ,3.00 ,50.05 ,49.91 ,49.91 ,3.00 ,0.00 ,0.10 
2018/1/10,49.87 ,1.00 ,49.87 ,49.87 ,49.87 ,1.00 ,0.00 ,0.03 
2018/1/11,49.78 ,27.00 ,49.78 ,49.59 ,49.59 ,0.00 ,27.00 ,0.90 
2018/1/12,49.59 ,0.00 ,49.59 ,49.59 ,49.59 ,0.00 ,0.00 ,0.00 
2018/1/15,50.05 ,1.00 ,50.05 ,50.05 ,50.05 ,1.00 ,0.00 ,0.03 
2018/1/16,50.05 ,0.00 ,50.05 ,50.05 ,50.05 ,0.00 ,0.00 ,0.00 
2018/1/17,50.38 ,1.00 ,50.38 ,50.38 ,50.38 ,1.00 ,0.00 ,0.03 
2018/1/18,50.75 ,3.00 ,50.84 ,50.75 ,50.84 ,3.00 ,0.00 ,0.10 
2018/1/19,50.98 ,6.00 ,51.16 ,50.98 ,51.12 ,4.00 ,0.00 ,0.20 
2018/1/22,51.16 ,35.00 ,51.53 ,51.16 ,51.39 ,0.00 ,26.00 ,1.17 
2018/1/23,51.49 ,2.00 ,51.49 ,51.49 ,51.49 ,2.00 ,0.00 ,0.07 
2018/1/24,51.16 ,2.00 ,51.21 ,51.16 ,51.21 ,0.00 ,2.00 ,0.07 
2018/1/25,51.21 ,0.00 ,51.21 ,51.21 ,51.21 ,0.00 ,0.00 ,0.00 
2018/1/26,51.25 ,2.00 ,51.35 ,51.25 ,51.35 ,0.00 ,2.00 ,0.07 
2018/1/29,51.35 ,0.00 ,51.35 ,51.35 ,51.35 ,0.00 ,0.00 ,0.00 
2018/1/30,51.44 ,0.00 ,51.44 ,51.44 ,51.44 ,0.00 ,0.00 ,0.00 
2018/1/31,50.56 ,4.00 ,51.12 ,50.56 ,51.12 ,2.00 ,0.00 ,0.13 
2018/2/1,51.44 ,27.00 ,51.53 ,51.39 ,51.39 ,0.00 ,27.00 ,0.90 
2018/2/2,51.07 ,1.00 ,51.07 ,51.07 ,51.07 ,0.00 ,1.00 ,0.03 
2018/2/5,50.28 ,1.00 ,50.28 ,50.28 ,50.28 ,0.00 ,1.00 ,0.03 
2018/2/6,49.08 ,3.00 ,49.08 ,48.25 ,48.25 ,0.00 ,3.00 ,0.10 
2018/2/7,48.71 ,1.00 ,48.71 ,48.71 ,48.71 ,1.00 ,0.00 ,0.03 
2018/2/8,48.16 ,2.00 ,48.16 ,48.16 ,48.16 ,2.00 ,0.00 ,0.07 
2018/2/9,47.05 ,1.00 ,47.05 ,47.05 ,47.05 ,1.00 ,0.00 ,0.03 
2018/2/12,48.11 ,28.00 ,48.16 ,48.02 ,48.16 ,0.00 ,28.00 ,0.93 
2018/2/21,48.99 ,35.00 ,49.17 ,48.80 ,49.08 ,0.00 ,33.00 ,1.17 
2018/2/22,48.99 ,2.00 ,49.04 ,48.99 ,49.04 ,0.00 ,2.00 ,0.07 
2018/2/23,49.04 ,0.00 ,49.04 ,49.04 ,49.04 ,0.00 ,0.00 ,0.00 
2018/2/26,49.78 ,2.00 ,49.87 ,49.78 ,49.87 ,0.00 ,0.00 ,0.07 
2018/2/27,50.14 ,1.00 ,50.14 ,50.14 ,50.14 ,0.00 ,1.00 ,0.03 
2018/3/1,49.50 ,28.00 ,49.64 ,49.36 ,49.64 ,0.00 ,28.00 ,0.93 
2018/3/2,49.27 ,3.00 ,49.27 ,49.27 ,49.27 ,0.00 ,3.00 ,0.10 
2018/3/5,49.27 ,0.00 ,49.27 ,49.27 ,49.27 ,0.00 ,0.00 ,0.00 
2018/3/6,49.36 ,2.00 ,49.54 ,49.36 ,49.54 ,0.00 ,2.00 ,0.07 
2018/3/7,49.54 ,0.00 ,49.54 ,49.54 ,49.54 ,0.00 ,0.00 ,0.00 
2018/3/8,49.64 ,5.00 ,49.64 ,49.64 ,49.64 ,5.00 ,0.00 ,0.17 
2018/3/9,49.91 ,1.00 ,49.91 ,49.91 ,49.91 ,0.00 ,1.00 ,0.03 
2018/3/12,50.42 ,27.00 ,50.56 ,50.42 ,50.56 ,0.00 ,24.00 ,0.90 
2018/3/13,50.75 ,1.00 ,50.75 ,50.75 ,50.75 ,1.00 ,0.00 ,0.03 
2018/3/14,50.65 ,2.00 ,50.79 ,50.65 ,50.79 ,0.00 ,0.00 ,0.07 
2018/3/15,50.79 ,0.00 ,50.79 ,50.79 ,50.79 ,0.00 ,0.00 ,0.00 
2018/3/16,50.65 ,0.00 ,50.65 ,50.65 ,50.65 ,0.00 ,0.00 ,0.00 
2018/3/19,50.47 ,1.00 ,50.47 ,50.47 ,50.47 ,1.00 ,0.00 ,0.03 
2018/3/20,50.38 ,1.00 ,50.38 ,50.38 ,50.38 ,1.00 ,0.00 ,0.03 
2018/3/21,50.79 ,27.00 ,50.79 ,50.65 ,50.75 ,0.00 ,27.00 ,0.90 
2018/3/22,50.75 ,0.00 ,50.75 ,50.75 ,50.75 ,0.00 ,0.00 ,0.00 
2018/3/23,50.61 ,0.00 ,50.61 ,50.61 ,50.61 ,0.00 ,0.00 ,0.00 
2018/3/26,49.82 ,0.00 ,49.82 ,49.82 ,49.82 ,0.00 ,0.00 ,0.00 
2018/3/27,49.82 ,0.00 ,49.82 ,49.82 ,49.82 ,0.00 ,0.00 ,0.00 
2018/3/28,49.96 ,1.00 ,49.96 ,49.96 ,49.96 ,1.00 ,0.00 ,0.03 
2018/3/29,49.96 ,0.00 ,49.96 ,49.96 ,49.96 ,0.00 ,0.00 ,0.00 
2018/3/30,49.82 ,0.00 ,49.82 ,49.82 ,49.82 ,0.00 ,0.00 ,0.00 
2018/3/31,50.19 ,41.00 ,50.19 ,49.96 ,49.96 ,0.00 ,1.00 ,1.37 
2018/4/2,50.24 ,27.00 ,50.24 ,50.10 ,50.10 ,0.00 ,27.00 ,0.90 
2018/4/3,50.10 ,0.00 ,50.10 ,50.10 ,50.10 ,0.00 ,0.00 ,0.00 
2018/4/9,49.64 ,3.00 ,49.91 ,49.64 ,49.91 ,0.00 ,2.00 ,0.10 
2018/4/10,49.91 ,0.00 ,49.91 ,49.91 ,49.91 ,0.00 ,0.00 ,0.00 
2018/4/11,50.51 ,27.00 ,50.51 ,50.38 ,50.38 ,0.00 ,27.00 ,0.90 
2018/4/12,50.38 ,0.00 ,50.38 ,50.38 ,50.38 ,0.00 ,0.00 ,0.00 
2018/4/13,50.28 ,0.00 ,50.28 ,50.28 ,50.28 ,0.00 ,0.00 ,0.00 
2018/4/16,50.28 ,0.00 ,50.28 ,50.28 ,50.28 ,0.00 ,0.00 ,0.00 
2018/4/17,50.28 ,0.00 ,50.28 ,50.28 ,50.28 ,0.00 ,0.00 ,0.00 
2018/4/18,49.78 ,1.00 ,49.78 ,49.78 ,49.78 ,1.00 ,0.00 ,0.03 
2018/4/19,49.78 ,0.00 ,49.78 ,49.78 ,49.78 ,0.00 ,0.00 ,0.00 
2018/4/20,50.14 ,0.00 ,50.14 ,50.14 ,50.14 ,0.00 ,0.00 ,0.00 
2018/4/23,49.41 ,28.00 ,49.41 ,49.27 ,49.27 ,0.00 ,28.00 ,0.93 
2018/4/24,48.48 ,2.00 ,48.53 ,48.48 ,48.53 ,2.00 ,0.00 ,0.07 
2018/4/25,48.53 ,0.00 ,48.53 ,48.53 ,48.53 ,0.00 ,0.00 ,0.00 
2018/4/26,48.16 ,1.00 ,48.16 ,48.16 ,48.16 ,0.00 ,1.00 ,0.03 
2018/4/27,48.16 ,0.00 ,48.16 ,48.16 ,48.16 ,0.00 ,0.00 ,0.00 
2018/4/30,48.57 ,1.00 ,48.57 ,48.57 ,48.57 ,1.00 ,0.00 ,0.03 
2018/5/2,48.99 ,33.00 ,49.04 ,48.76 ,48.76 ,0.00 ,28.00 ,1.10 
2018/5/3,48.43 ,1.00 ,48.43 ,48.43 ,48.43 ,0.00 ,0.00 ,0.03 
2018/5/4,48.20 ,4.00 ,48.30 ,48.20 ,48.25 ,4.00 ,0.00 ,0.13 
2018/5/7,48.76 ,2.00 ,48.76 ,48.67 ,48.67 ,0.00 ,1.00 ,0.07 
2018/5/8,49.04 ,1.00 ,49.04 ,49.04 ,49.04 ,0.00 ,0.00 ,0.03 
2018/5/9,49.22 ,1.00 ,49.22 ,49.22 ,49.22 ,0.00 ,0.00 ,0.03 
2018/5/10,49.45 ,2.00 ,49.45 ,49.41 ,49.41 ,0.00 ,0.00 ,0.07 
2018/5/11,49.73 ,28.00 ,49.87 ,49.73 ,49.87 ,0.00 ,28.00 ,0.93 
2018/5/14,50.10 ,1.00 ,50.10 ,50.10 ,50.10 ,0.00 ,0.00 ,0.03 
2018/5/15,50.24 ,2.00 ,50.24 ,50.14 ,50.14 ,0.00 ,0.00 ,0.07 
2018/5/16,49.82 ,1.00 ,49.82 ,49.82 ,49.82 ,0.00 ,0.00 ,0.03 
2018/5/17,49.96 ,1.00 ,49.96 ,49.96 ,49.96 ,0.00 ,0.00 ,0.03 
2018/5/18,49.91 ,2.00 ,49.91 ,49.64 ,49.64 ,0.00 ,1.00 ,0.07 
2018/5/21,49.96 ,28.00 ,50.38 ,49.96 ,50.38 ,0.00 ,26.00 ,0.93 
2018/5/22,50.42 ,1.00 ,50.42 ,50.42 ,50.42 ,0.00 ,0.00 ,0.03 
2018/5/23,50.14 ,1.00 ,50.14 ,50.14 ,50.14 ,0.00 ,0.00 ,0.03 
2018/5/24,50.28 ,1.00 ,50.28 ,50.28 ,50.28 ,0.00 ,0.00 ,0.03 
2018/5/25,50.38 ,2.00 ,50.42 ,50.38 ,50.42 ,0.00 ,1.00 ,0.07 
2018/5/28,50.65 ,2.00 ,50.65 ,50.65 ,50.65 ,0.00 ,1.00 ,0.07 
2018/5/29,50.42 ,1.00 ,50.42 ,50.42 ,50.42 ,0.00 ,0.00 ,0.03 
2018/5/30,50.05 ,100.00 ,50.05 ,49.68 ,49.68 ,0.00 ,0.00 ,3.33 
2018/5/31,50.01 ,3.00 ,50.05 ,49.91 ,49.91 ,1.00 ,0.00 ,0.10 
2018/6/1,50.24 ,28.00 ,50.33 ,50.19 ,50.33 ,0.00 ,27.00 ,0.93 
2018/6/4,50.65 ,18.00 ,50.84 ,50.65 ,50.84 ,1.00 ,0.00 ,0.60 
2018/6/5,51.02 ,48.00 ,51.02 ,51.02 ,51.02 ,14.00 ,0.00 ,1.60 
2018/6/6,51.25 ,3.00 ,51.58 ,51.25 ,51.58 ,0.00 ,0.00 ,0.10 
2018/6/7,51.67 ,15.00 ,51.67 ,51.62 ,51.62 ,1.00 ,0.00 ,0.50 
2018/6/8,51.62 ,0.00 ,51.62 ,51.62 ,51.62 ,0.00 ,0.00 ,0.00 
2018/6/11,51.53 ,27.00 ,51.53 ,51.44 ,51.49 ,0.00 ,26.00 ,0.90 
2018/6/12,51.25 ,1.00 ,51.25 ,51.25 ,51.25 ,0.00 ,0.00 ,0.03 
2018/6/13,51.44 ,4.00 ,51.44 ,51.25 ,51.30 ,0.00 ,3.00 ,0.13 
2018/6/14,50.93 ,100.00 ,50.93 ,50.84 ,50.84 ,0.00 ,1.00 ,3.33 
2018/6/15,50.65 ,3.00 ,50.88 ,50.51 ,50.88 ,2.00 ,0.00 ,0.10 
2018/6/19,50.70 ,4.00 ,50.70 ,50.47 ,50.47 ,0.00 ,0.00 ,0.13 
2018/6/20,50.01 ,3.00 ,50.05 ,49.96 ,49.96 ,0.00 ,0.00 ,0.10 
2018/6/21,50.33 ,27.00 ,50.51 ,50.33 ,50.42 ,0.00 ,27.00 ,0.90 
2018/6/22,50.19 ,3.00 ,50.19 ,49.91 ,49.91 ,0.00 ,0.00 ,0.10 
2018/6/25,49.91 ,0.00 ,49.91 ,49.91 ,49.91 ,0.00 ,0.00 ,0.00 
2018/6/26,49.59 ,2.00 ,49.82 ,49.59 ,49.82 ,0.00 ,2.00 ,0.07 
2018/6/27,49.50 ,1.00 ,49.50 ,49.50 ,49.50 ,0.00 ,0.00 ,0.03 
2018/6/28,49.41 ,1.00 ,49.41 ,49.41 ,49.41 ,0.00 ,0.00 ,0.03 
2018/6/29,49.41 ,5.00 ,50.05 ,49.41 ,50.05 ,0.00 ,1.00 ,0.17 
2018/7/2,50.14 ,29.00 ,50.47 ,50.14 ,50.28 ,0.00 ,26.00 ,0.97 
2018/7/3,50.10 ,22.00 ,50.14 ,49.78 ,49.78 ,0.00 ,2.00 ,0.73 
2018/7/4,49.91 ,2.00 ,49.91 ,49.91 ,49.91 ,0.00 ,1.00 ,0.07 
2018/7/5,49.64 ,7.00 ,49.64 ,49.50 ,49.50 ,6.00 ,0.00 ,0.23 
2018/7/6,49.27 ,2.00 ,49.54 ,49.27 ,49.54 ,0.00 ,1.00 ,0.07 
2018/7/9,49.91 ,1.00 ,49.91 ,49.91 ,49.91 ,0.00 ,0.00 ,0.03 
2018/7/10,50.24 ,7.00 ,50.42 ,50.24 ,50.42 ,2.00 ,0.00 ,0.23 
2018/7/11,50.24 ,35.00 ,50.24 ,49.91 ,50.19 ,0.00 ,29.00 ,1.17 
2018/7/12,50.10 ,3.00 ,50.47 ,50.10 ,50.47 ,0.00 ,1.00 ,0.10 
2018/7/13,50.61 ,80.00 ,51.02 ,50.61 ,51.02 ,0.00 ,0.00 ,2.67 
2018/7/16,51.16 ,4.00 ,51.16 ,50.93 ,50.93 ,0.00 ,0.00 ,0.13 
2018/7/17,50.65 ,2.00 ,50.65 ,50.61 ,50.61 ,1.00 ,0.00 ,0.07 
2018/7/18,50.88 ,16.00 ,51.30 ,50.88 ,50.88 ,0.00 ,0.00 ,0.53 
2018/7/19,51.07 ,2.00 ,51.16 ,51.07 ,51.16 ,0.00 ,0.00 ,0.07 
2018/7/20,51.39 ,8.00 ,51.67 ,51.35 ,51.35 ,0.00 ,0.00 ,0.27 
2018/7/23,51.67 ,27.00 ,51.85 ,51.53 ,51.53 ,0.00 ,26.00 ,0.90 
2018/7/24,51.81 ,2.00 ,51.81 ,51.76 ,51.76 ,0.00 ,0.00 ,0.07 
2018/7/25,51.81 ,7.00 ,51.81 ,51.76 ,51.76 ,5.00 ,0.00 ,0.23 
2018/7/26,51.90 ,104.00 ,52.04 ,51.81 ,51.85 ,2.00 ,0.00 ,3.47 
2018/7/27,51.99 ,29.00 ,52.18 ,51.99 ,52.18 ,9.00 ,0.00 ,0.97 
2018/7/30,52.04 ,1.00 ,52.04 ,52.04 ,52.04 ,0.00 ,0.00 ,0.03 
2018/7/31,52.36 ,1.00 ,52.36 ,52.36 ,52.36 ,0.00 ,0.00 ,0.03 
2018/8/1,52.64 ,28.00 ,52.64 ,52.41 ,52.41 ,0.00 ,25.00 ,0.93 
2018/8/2,52.13 ,2.00 ,52.13 ,51.95 ,51.95 ,0.00 ,1.00 ,0.07 
2018/8/3,52.04 ,8.00 ,52.18 ,52.04 ,52.13 ,1.00 ,0.00 ,0.27 
2018/8/6,52.18 ,2.00 ,52.36 ,52.18 ,52.36 ,0.00 ,0.00 ,0.07 
2018/8/7,52.18 ,10.00 ,52.27 ,52.09 ,52.09 ,1.00 ,0.00 ,0.33 
2018/8/8,52.27 ,13.00 ,52.64 ,52.27 ,52.64 ,0.00 ,0.00 ,0.43 
2018/8/9,52.41 ,1.00 ,52.41 ,52.41 ,52.41 ,0.00 ,1.00 ,0.03 
2018/8/10,52.36 ,11.00 ,52.36 ,52.18 ,52.18 ,3.00 ,0.00 ,0.37 
2018/8/13,51.95 ,90.00 ,51.95 ,51.02 ,51.07 ,0.00 ,27.00 ,3.00 
2018/8/14,51.35 ,3.00 ,51.35 ,51.30 ,51.30 ,0.00 ,2.00 ,0.10 
2018/8/15,51.12 ,6.00 ,51.12 ,50.98 ,50.98 ,4.00 ,0.00 ,0.20 
2018/8/16,51.07 ,139.00 ,51.07 ,50.61 ,51.02 ,0.00 ,1.00 ,4.63 
2018/8/17,51.02 ,19.00 ,51.12 ,50.93 ,50.93 ,0.00 ,7.00 ,0.63 
2018/8/20,50.84 ,1.00 ,50.84 ,50.84 ,50.84 ,0.00 ,1.00 ,0.03 
2018/8/21,51.12 ,31.00 ,51.39 ,51.12 ,51.30 ,0.00 ,26.00 ,1.03 
2018/8/22,51.25 ,1.00 ,51.25 ,51.25 ,51.25 ,0.00 ,0.00 ,0.03 
2018/8/23,51.72 ,2.00 ,51.72 ,51.53 ,51.53 ,1.00 ,0.00 ,0.07 
2018/8/24,51.49 ,3.00 ,51.49 ,51.49 ,51.49 ,0.00 ,1.00 ,0.10 
2018/8/27,51.67 ,13.00 ,52.09 ,51.67 ,52.09 ,0.00 ,2.00 ,0.43 
2018/8/28,52.13 ,9.00 ,52.41 ,52.13 ,52.41 ,2.00 ,0.00 ,0.30 
2018/8/29,52.55 ,4.00 ,52.78 ,52.55 ,52.64 ,2.00 ,0.00 ,0.13 
2018/8/30,53.10 ,5.00 ,53.15 ,52.96 ,52.96 ,0.00 ,0.00 ,0.17 
2018/8/31,52.69 ,8.00 ,52.73 ,52.41 ,52.59 ,0.00 ,1.00 ,0.27 
2018/9/3,52.69 ,27.00 ,52.69 ,52.46 ,52.46 ,0.00 ,24.00 ,0.90 
2018/9/4,52.46 ,0.00 ,52.46 ,52.46 ,52.46 ,0.00 ,0.00 ,0.00 
2018/9/5,52.46 ,0.00 ,52.46 ,52.46 ,52.46 ,0.00 ,0.00 ,0.00 
2018/9/6,52.13 ,1.00 ,52.13 ,52.13 ,52.13 ,0.00 ,1.00 ,0.03 
2018/9/7,51.85 ,1.00 ,51.85 ,51.85 ,51.85 ,1.00 ,0.00 ,0.03 
2018/9/10,51.62 ,4.00 ,51.62 ,51.07 ,51.07 ,0.00 ,2.00 ,0.13 
2018/9/11,51.12 ,29.00 ,51.25 ,51.07 ,51.12 ,0.00 ,27.00 ,0.97 
2018/9/12,51.12 ,0.00 ,51.12 ,51.12 ,51.12 ,0.00 ,0.00 ,0.00 
2018/9/13,51.12 ,0.00 ,51.12 ,51.12 ,51.12 ,0.00 ,0.00 ,0.00 
2018/9/14,51.44 ,3.00 ,51.44 ,51.44 ,51.44 ,0.00 ,0.00 ,0.10 
2018/9/17,51.44 ,0.00 ,51.44 ,51.44 ,51.44 ,0.00 ,0.00 ,0.00 
2018/9/18,51.53 ,2.00 ,51.53 ,51.53 ,51.53 ,0.00 ,1.00 ,0.07 
2018/9/19,51.53 ,0.00 ,51.53 ,51.53 ,51.53 ,0.00 ,0.00 ,0.00 
2018/9/20,51.76 ,1.00 ,51.76 ,51.76 ,51.76 ,0.00 ,0.00 ,0.03 
2018/9/21,51.90 ,26.00 ,52.22 ,51.90 ,52.22 ,0.00 ,26.00 ,0.87 
2018/9/25,52.18 ,22.00 ,52.55 ,52.18 ,52.46 ,0.00 ,2.00 ,0.73 
2018/9/26,52.36 ,2.00 ,52.36 ,52.36 ,52.36 ,0.00 ,1.00 ,0.07 
2018/9/27,52.13 ,3.00 ,52.55 ,52.13 ,52.55 ,1.00 ,0.00 ,0.10 
2018/9/28,52.55 ,0.00 ,52.55 ,52.55 ,52.55 ,0.00 ,0.00 ,0.00 
2018/10/1,52.59 ,25.00 ,52.64 ,52.59 ,52.59 ,0.00 ,25.00 ,0.83 
2018/10/2,52.59 ,0.00 ,52.59 ,52.59 ,52.59 ,0.00 ,0.00 ,0.00 
2018/10/3,52.18 ,0.00 ,52.18 ,52.18 ,52.18 ,0.00 ,0.00 ,0.00 
2018/10/4,51.07 ,1.00 ,51.07 ,51.07 ,51.07 ,1.00 ,0.00 ,0.03 
2018/10/5,50.65 ,1.00 ,50.65 ,50.65 ,50.65 ,0.00 ,1.00 ,0.03 
2018/10/8,49.91 ,1.00 ,49.91 ,49.91 ,49.91 ,0.00 ,1.00 ,0.03 
2018/10/9,49.78 ,2.00 ,49.91 ,49.78 ,49.91 ,0.00 ,0.00 ,0.07 
2018/10/11,47.79 ,45.00 ,47.79 ,47.05 ,47.05 ,0.00 ,38.00 ,1.50 
2018/10/12,47.00 ,2.00 ,47.46 ,47.00 ,47.46 ,0.00 ,1.00 ,0.07 
2018/10/15,47.46 ,2.00 ,47.46 ,47.46 ,47.46 ,0.00 ,2.00 ,0.07 
2018/10/16,47.37 ,8.00 ,47.70 ,47.19 ,47.19 ,6.00 ,0.00 ,0.27 
2018/10/17,48.07 ,2.00 ,48.16 ,48.07 ,48.16 ,0.00 ,0.00 ,0.07 
2018/10/18,48.16 ,0.00 ,48.16 ,48.16 ,48.16 ,0.00 ,0.00 ,0.00 
2018/10/19,47.42 ,1.00 ,47.42 ,47.42 ,47.42 ,0.00 ,1.00 ,0.03 
2018/10/22,47.19 ,32.00 ,47.74 ,47.09 ,47.74 ,0.00 ,29.00 ,1.07 
2018/10/23,47.28 ,14.00 ,47.28 ,46.96 ,46.96 ,0.00 ,14.00 ,0.47 
2018/10/24,46.59 ,36.00 ,46.82 ,46.45 ,46.82 ,0.00 ,4.00 ,1.20 
2018/10/25,45.50 ,8.00 ,45.65 ,45.50 ,45.63 ,1.00 ,0.00 ,0.27 
2018/10/26,45.75 ,17.00 ,45.75 ,45.40 ,45.40 ,0.00 ,12.00 ,0.57 
2018/10/29,45.40 ,27.00 ,45.42 ,45.18 ,45.27 ,15.00 ,0.00 ,0.90 
2018/10/30,45.22 ,5.00 ,45.56 ,45.22 ,45.43 ,1.00 ,0.00 ,0.17 
2018/10/31,46.21 ,127.00 ,46.90 ,46.21 ,46.90 ,0.00 ,4.00 ,4.23 
2018/11/1,46.86 ,122.00 ,47.18 ,46.75 ,47.18 ,0.00 ,122.00 ,4.07 
2018/11/2,47.18 ,11.00 ,47.43 ,47.18 ,47.35 ,1.00 ,0.00 ,0.37 
2018/11/5,47.34 ,33.00 ,47.34 ,47.06 ,47.06 ,0.00 ,0.00 ,1.10 
2018/11/6,47.23 ,6.00 ,47.23 ,46.97 ,46.99 ,1.00 ,0.00 ,0.20 
2018/11/7,46.93 ,4.00 ,47.33 ,46.93 ,47.33 ,1.00 ,0.00 ,0.13 
2018/11/8,47.57 ,3.00 ,47.59 ,47.57 ,47.59 ,3.00 ,0.00 ,0.10 
2018/11/9,47.59 ,0.00 ,47.59 ,47.59 ,47.59 ,0.00 ,0.00 ,0.00 
2018/11/12,46.94 ,122.00 ,47.28 ,46.94 ,47.27 ,0.00 ,121.00 ,4.07 
2018/11/13,46.33 ,2.00 ,46.81 ,46.33 ,46.81 ,0.00 ,0.00 ,0.07 
2018/11/14,46.81 ,1.00 ,46.81 ,46.81 ,46.81 ,0.00 ,1.00 ,0.03 
2018/11/15,46.95 ,4.00 ,46.95 ,46.95 ,46.95 ,0.00 ,4.00 ,0.13 
2018/11/16,46.95 ,0.00 ,46.95 ,46.95 ,46.95 ,0.00 ,0.00 ,0.00 
2018/11/19,46.95 ,0.00 ,46.95 ,46.95 ,46.95 ,0.00 ,0.00 ,0.00 
2018/11/20,46.53 ,1.00 ,46.53 ,46.53 ,46.53 ,1.00 ,0.00 ,0.03 
2018/11/21,46.24 ,125.00 ,46.54 ,46.24 ,46.52 ,0.00 ,123.00 ,4.17 
2018/11/22,46.78 ,1.00 ,46.78 ,46.78 ,46.78 ,0.00 ,1.00 ,0.03 
2018/11/23,46.40 ,1.00 ,46.40 ,46.40 ,46.40 ,0.00 ,1.00 ,0.03 
2018/11/26,46.72 ,1.00 ,46.72 ,46.72 ,46.72 ,0.00 ,1.00 ,0.03 
2018/11/27,46.52 ,2.00 ,46.52 ,46.52 ,46.52 ,2.00 ,0.00 ,0.07 
2018/11/28,46.52 ,0.00 ,46.52 ,46.52 ,46.52 ,0.00 ,0.00 ,0.00 
2018/11/29,47.46 ,3.00 ,47.69 ,47.46 ,47.69 ,3.00 ,0.00 ,0.10 
2018/11/30,47.35 ,3.00 ,47.45 ,47.34 ,47.34 ,0.00 ,1.00 ,0.10 
2018/12/3,47.71 ,35.00 ,48.22 ,47.71 ,48.22 ,0.00 ,28.00 ,1.17 
2018/12/4,48.17 ,2.00 ,48.17 ,48.17 ,48.17 ,2.00 ,0.00 ,0.07 
2018/12/5,48.17 ,0.00 ,48.17 ,48.17 ,48.17 ,0.00 ,0.00 ,0.00 
2018/12/6,46.77 ,2.00 ,46.77 ,46.50 ,46.50 ,0.00 ,2.00 ,0.07 
2018/12/7,45.95 ,2.00 ,46.68 ,45.95 ,46.68 ,2.00 ,0.00 ,0.07 
2018/12/10,46.68 ,0.00 ,46.68 ,46.68 ,46.68 ,0.00 ,0.00 ,0.00 
2018/12/11,46.24 ,31.00 ,46.36 ,46.24 ,46.31 ,0.00 ,31.00 ,1.03 
2018/12/12,46.55 ,7.00 ,46.56 ,46.55 ,46.56 ,2.00 ,0.00 ,0.23 
2018/12/13,46.56 ,0.00 ,46.56 ,46.56 ,46.56 ,0.00 ,0.00 ,0.00 
2018/12/14,46.95 ,0.00 ,46.95 ,46.95 ,46.95 ,0.00 ,0.00 ,0.00 
2018/12/17,46.76 ,5.00 ,46.76 ,46.75 ,46.76 ,0.00 ,1.00 ,0.17 
2018/12/18,46.52 ,1.00 ,46.52 ,46.52 ,46.52 ,1.00 ,0.00 ,0.03 
2018/12/19,46.52 ,0.00 ,46.52 ,46.52 ,46.52 ,0.00 ,0.00 ,0.00 
2018/12/20,46.57 ,0.00 ,46.57 ,46.57 ,46.57 ,0.00 ,0.00 ,0.00 
2018/12/21,46.10 ,32.00 ,46.10 ,45.96 ,45.96 ,0.00 ,32.00 ,1.07 
2018/12/22,45.96 ,0.00 ,45.96 ,45.96 ,45.96 ,0.00 ,0.00 ,0.00 
2018/12/24,45.96 ,0.00 ,45.96 ,45.96 ,45.96 ,0.00 ,0.00 ,0.00 
2018/12/25,45.96 ,0.00 ,45.96 ,45.96 ,45.96 ,0.00 ,0.00 ,0.00 
2018/12/26,45.20 ,1.00 ,45.20 ,45.20 ,45.20 ,0.00 ,1.00 ,0.03 
2018/12/27,45.20 ,0.00 ,45.20 ,45.20 ,45.20 ,0.00 ,0.00 ,0.00 
2018/12/28,45.89 ,1.00 ,45.89 ,45.89 ,45.89 ,1.00 ,0.00 ,0.03 
2019/1/2,46.33 ,29.00 ,46.33 ,45.88 ,45.88 ,0.00 ,29.00 ,0.97 
2019/1/3,45.88 ,0.00 ,45.88 ,45.88 ,45.88 ,0.00 ,0.00 ,0.00 
2019/1/4,44.76 ,1.00 ,44.76 ,44.76 ,44.76 ,0.00 ,1.00 ,0.03 
2019/1/7,45.40 ,3.00 ,45.78 ,45.40 ,45.78 ,0.00 ,1.00 ,0.10 
2019/1/8,45.59 ,2.00 ,45.67 ,45.59 ,45.67 ,0.00 ,0.00 ,0.07 
2019/1/9,45.67 ,0.00 ,45.67 ,45.67 ,45.67 ,0.00 ,0.00 ,0.00 
2019/1/10,46.35 ,0.00 ,46.35 ,46.35 ,46.35 ,0.00 ,0.00 ,0.00 
2019/1/11,46.67 ,31.00 ,46.67 ,46.51 ,46.59 ,0.00 ,29.00 ,1.03 
2019/1/14,46.59 ,0.00 ,46.59 ,46.59 ,46.59 ,0.00 ,0.00 ,0.00 
2019/1/15,46.44 ,0.00 ,46.44 ,46.44 ,46.44 ,0.00 ,0.00 ,0.00 
2019/1/16,46.73 ,1.00 ,46.73 ,46.73 ,46.73 ,0.00 ,1.00 ,0.03 
2019/1/17,46.49 ,1.00 ,46.49 ,46.49 ,46.49 ,1.00 ,0.00 ,0.03 
2019/1/18,46.97 ,4.00 ,46.97 ,46.97 ,46.97 ,4.00 ,0.00 ,0.13 
2019/1/21,47.31 ,29.00 ,47.42 ,47.30 ,47.42 ,0.00 ,29.00 ,0.97 
2019/1/22,47.42 ,0.00 ,47.42 ,47.42 ,47.42 ,0.00 ,0.00 ,0.00 
2019/1/23,47.36 ,0.00 ,47.36 ,47.36 ,47.36 ,0.00 ,0.00 ,0.00 
2019/1/24,47.06 ,1.00 ,47.06 ,47.06 ,47.06 ,1.00 ,0.00 ,0.03 
2019/1/25,47.60 ,4.00 ,47.60 ,47.60 ,47.60 ,4.00 ,0.00 ,0.13 
2019/1/28,47.74 ,3.00 ,47.94 ,47.74 ,47.94 ,1.00 ,0.00 ,0.10 
2019/1/29,46.30 ,4.00 ,47.34 ,46.30 ,47.31 ,3.00 ,0.00 ,0.13 
2019/1/30,47.60 ,2.00 ,47.60 ,47.47 ,47.47 ,0.00 ,0.00 ,0.07 
