年月日,開盤價(元),最高價(元),最低價(元),收盤價(元),成交量(千股),成交值(千元),報酬率％,週轉率％,成交筆數(筆),外資買賣超(千股),投信買賣超(千股),自營買賣超(千股),合計買賣超(千股),融資餘額(張),融資買進(張),融資賣出(張),融券買進(張),融券餘額(張),融券賣出(張),本益比-TSE,股價淨值比-TSE,股利殖利率-TSE
2022/06/24,,,,,,,,,,,,,,0.0,0.0,0.0,0.0,0.0,0.0,,,
2022/06/27,14.85,14.91,14.7,14.77,6237.0,92515.0,-1.5333,32.9948,1230.0,0.0,0.0,3909.0,3909.0,15.0,15.0,0.0,0.0,0.0,0.0,,,
2022/06/28,14.81,14.82,14.74,14.75,1170.0,17285.0,-0.1354,6.1895,172.0,0.0,0.0,515.0,515.0,15.0,0.0,0.0,0.0,0.0,0.0,,,
2022/06/29,14.55,14.55,14.45,14.47,420.0,6088.0,-1.8983,2.2219,119.0,0.0,0.0,227.0,227.0,17.0,2.0,0.0,0.0,0.0,0.0,,,
2022/06/30,14.24,14.24,14.01,14.01,515.0,7258.0,-3.179,2.7244,116.0,0.0,0.0,19.0,19.0,18.0,1.0,0.0,0.0,0.0,0.0,,,
2022/07/01,13.94,13.95,13.81,13.81,137.0,1905.0,-1.4276,0.8352,42.0,0.0,0.0,50.0,50.0,23.0,5.0,0.0,0.0,0.0,0.0,,,
2022/07/04,13.52,13.53,13.36,13.39,198.0,2657.0,-3.0413,1.2071,58.0,0.0,0.0,84.0,84.0,26.0,3.0,0.0,0.0,0.0,0.0,,,
2022/07/05,13.49,13.6,13.49,13.55,160.0,2174.0,1.1949,0.9754,52.0,0.0,0.0,100.0,100.0,26.0,0.0,0.0,0.0,0.0,0.0,,,
2022/07/06,13.63,13.7,13.55,13.55,223.0,3030.0,0.0,1.3595,41.0,0.0,0.0,61.0,61.0,26.0,0.0,0.0,0.0,0.0,0.0,,,
2022/07/07,13.63,13.8,13.62,13.77,90.0,1236.0,1.6236,0.5487,30.0,0.0,0.0,26.0,26.0,29.0,3.0,0.0,0.0,0.0,0.0,,,
2022/07/08,14.18,14.22,14.11,14.11,320.0,4526.0,2.4691,1.9509,68.0,0.0,0.0,80.0,80.0,12.0,0.0,17.0,0.0,0.0,0.0,,,
2022/07/11,14.24,14.24,14.09,14.16,56.0,794.0,0.3544,0.3414,20.0,0.0,0.0,54.0,54.0,12.0,0.0,0.0,0.0,0.0,0.0,,,
2022/07/12,13.9,13.9,13.78,13.79,154.0,2142.0,-2.613,0.9389,45.0,0.0,0.0,53.0,53.0,18.0,6.0,0.0,0.0,0.0,0.0,,,
2022/07/13,13.94,13.99,13.92,13.95,75.0,1046.0,1.1603,0.4572,40.0,0.0,0.0,60.0,60.0,12.0,0.0,6.0,0.0,0.0,0.0,,,
2022/07/14,14.01,14.13,13.94,14.13,613.0,8627.0,1.2903,3.7371,74.0,0.0,0.0,-388.0,-388.0,12.0,0.0,0.0,0.0,0.0,0.0,,,
2022/07/15,14.35,14.51,14.35,14.46,302.0,4377.0,2.3355,2.1722,105.0,0.0,0.0,157.0,157.0,17.0,5.0,0.0,0.0,0.0,0.0,,,
2022/07/18,14.78,14.88,14.77,14.85,684.0,10140.0,2.6971,4.749,159.0,0.0,0.0,159.0,159.0,0.0,0.0,17.0,0.0,0.0,0.0,,,
2022/07/19,14.66,14.83,14.66,14.79,434.0,6396.0,-0.404,3.0133,84.0,0.0,0.0,-161.0,-161.0,0.0,0.0,0.0,0.0,0.0,0.0,,,
2022/07/20,15.25,15.39,15.25,15.28,1700.0,26000.0,3.313,12.2276,373.0,0.0,0.0,1374.0,1374.0,0.0,0.0,0.0,0.0,0.0,0.0,,,
2022/07/21,15.55,15.66,15.43,15.66,1361.0,21131.0,2.4869,9.7893,216.0,0.0,0.0,-80.0,-80.0,0.0,0.0,0.0,0.0,0.0,0.0,,,
2022/07/22,15.73,15.91,15.65,15.83,713.0,11207.0,1.0856,5.3197,122.0,0.0,0.0,-315.0,-315.0,1.0,1.0,0.0,0.0,0.0,0.0,,,
2022/07/25,15.43,15.48,15.42,15.48,128.0,1988.0,-2.211,0.992,37.0,0.0,0.0,7.0,7.0,4.0,3.0,0.0,0.0,0.0,0.0,,,
2022/07/26,15.31,15.47,15.31,15.47,920.0,14164.0,-0.0646,7.1301,113.0,0.0,0.0,-423.0,-423.0,11.0,7.0,0.0,0.0,0.0,0.0,,,
2022/07/27,15.46,15.49,15.38,15.49,139.0,2154.0,0.1293,1.1207,30.0,0.0,0.0,7.0,7.0,15.0,4.0,0.0,0.0,0.0,0.0,,,
2022/07/28,15.7,15.91,15.7,15.85,401.0,6342.0,2.3241,3.2331,62.0,0.0,0.0,-45.0,-45.0,15.0,1.0,1.0,0.0,0.0,0.0,,,
2022/07/29,15.95,16.12,15.95,16.09,314.0,5062.0,1.5142,2.5316,69.0,0.0,0.0,147.0,147.0,14.0,0.0,1.0,0.0,0.0,0.0,,,
2022/08/01,16.09,16.18,16.09,16.16,945.0,15275.0,0.4351,7.6191,121.0,0.0,0.0,-534.0,-534.0,17.0,3.0,0.0,0.0,0.0,0.0,,,
2022/08/02,16.21,16.27,16.21,16.26,629.0,10220.0,0.6188,5.2844,140.0,0.0,0.0,-138.0,-138.0,11.0,2.0,8.0,0.0,0.0,0.0,,,
2022/08/03,16.18,16.2,16.15,16.18,356.0,5757.0,-0.492,2.9908,62.0,0.0,0.0,101.0,101.0,9.0,0.0,2.0,0.0,0.0,0.0,,,
2022/08/04,16.43,16.69,16.43,16.66,841.0,14009.0,2.9666,7.0654,221.0,0.0,0.0,-539.0,-539.0,10.0,1.0,0.0,0.0,0.0,0.0,,,
2022/08/05,16.9,16.91,16.86,16.9,693.0,11709.0,1.4406,6.356,246.0,0.0,0.0,-281.0,-281.0,9.0,1.0,2.0,0.0,0.0,0.0,,,
2022/08/08,16.72,16.78,16.68,16.77,470.0,7860.0,-0.7692,4.3107,194.0,0.0,0.0,-49.0,-49.0,7.0,0.0,2.0,0.0,0.0,0.0,,,
2022/08/09,16.51,16.51,16.46,16.49,350.0,5776.0,-1.6696,3.2101,64.0,0.0,0.0,81.0,81.0,11.0,6.0,2.0,0.0,0.0,0.0,,,
2022/08/10,15.93,15.93,15.76,15.76,490.0,7750.0,-4.4269,4.4942,103.0,0.0,0.0,-138.0,-138.0,13.0,2.0,0.0,0.0,0.0,0.0,,,
2022/08/11,16.39,16.42,16.39,16.41,175.0,2880.0,4.1244,1.6051,49.0,0.0,0.0,64.0,64.0,19.0,8.0,2.0,0.0,0.0,0.0,,,
2022/08/12,16.36,16.41,16.35,16.4,183.0,3008.0,-0.0609,1.6784,107.0,0.0,0.0,-135.0,-135.0,27.0,8.0,0.0,0.0,0.0,0.0,,,
2022/08/15,16.77,16.79,16.72,16.75,184.0,3087.0,2.1341,1.6876,74.0,0.0,0.0,-77.0,-77.0,9.0,2.0,20.0,0.0,0.0,0.0,,,
2022/08/16,16.75,16.84,16.75,16.82,108.0,1816.0,0.4179,0.9906,41.0,0.0,0.0,-65.0,-65.0,7.0,3.0,5.0,0.0,0.0,0.0,,,
2022/08/17,16.81,16.81,16.68,16.7,117.0,1956.0,-0.7134,1.0731,63.0,0.0,0.0,-45.0,-45.0,4.0,0.0,3.0,0.0,0.0,0.0,,,
2022/08/18,16.33,16.33,16.3,16.32,68.0,1124.0,-2.2754,0.6237,51.0,0.0,0.0,7.0,7.0,3.0,0.0,1.0,0.0,0.0,0.0,,,
2022/08/19,16.6,16.7,16.6,16.66,42.0,701.0,2.0833,0.3852,27.0,0.0,0.0,17.0,17.0,6.0,3.0,0.0,0.0,0.0,0.0,,,
2022/08/22,16.28,16.35,16.17,16.2,174.0,2822.0,-2.7611,1.5959,113.0,0.0,0.0,-104.0,-104.0,6.0,0.0,0.0,0.0,0.0,0.0,,,
2022/08/23,15.95,15.95,15.74,15.76,99.0,1575.0,-2.716,0.908,75.0,0.0,0.0,-19.0,-19.0,4.0,2.0,4.0,0.0,0.0,0.0,,,
2022/08/24,15.84,15.86,15.8,15.85,43.0,683.0,0.5711,0.3944,25.0,0.0,0.0,25.0,25.0,4.0,0.0,0.0,0.0,0.0,0.0,,,
2022/08/25,15.92,15.96,15.92,15.93,30.0,481.0,0.5047,0.2752,30.0,0.0,0.0,-9.0,-9.0,4.0,0.0,0.0,0.0,0.0,0.0,,,
2022/08/26,16.3,16.41,16.3,16.36,140.0,2302.0,2.6993,1.2841,36.0,0.0,0.0,47.0,47.0,4.0,0.0,0.0,0.0,0.0,0.0,,,
2022/08/29,15.51,15.51,15.36,15.44,597.0,9224.0,-5.6235,5.4756,108.0,0.0,0.0,-517.0,-517.0,2.0,0.0,2.0,0.0,0.0,0.0,,,
2022/08/30,15.47,15.51,15.43,15.49,158.0,2446.0,0.3238,1.5188,48.0,0.0,0.0,-48.0,-48.0,2.0,0.0,0.0,0.0,0.0,0.0,,,
2022/08/31,15.36,15.38,15.33,15.35,221.0,3398.0,-0.9038,2.1244,63.0,0.0,0.0,-41.0,-41.0,2.0,0.0,0.0,0.0,0.0,0.0,,,
2022/09/01,14.81,14.92,14.8,14.87,145.0,2156.0,-3.127,1.3938,61.0,0.0,0.0,-9.0,-9.0,2.0,0.0,0.0,0.0,0.0,0.0,,,
2022/09/02,14.94,14.94,14.87,14.89,63.0,939.0,0.1345,0.6056,17.0,0.0,0.0,6.0,6.0,2.0,0.0,0.0,0.0,0.0,0.0,,,
2022/09/05,14.71,14.85,14.71,14.82,21.0,311.0,-0.4701,0.2019,8.0,0.0,0.0,13.0,13.0,2.0,0.0,0.0,0.0,0.0,0.0,,,
2022/09/06,14.95,14.97,14.89,14.93,101.0,1508.0,0.7422,0.9709,17.0,0.0,0.0,1.0,1.0,2.0,0.0,0.0,0.0,0.0,0.0,,,
2022/09/07,14.63,14.68,14.63,14.68,84.0,1231.0,-1.6745,0.8075,18.0,0.0,0.0,-20.0,-20.0,2.0,0.0,0.0,0.0,0.0,0.0,,,
2022/09/08,15.0,15.0,14.95,15.0,65.0,980.0,2.1798,0.6248,25.0,0.0,0.0,-12.0,-12.0,2.0,0.0,0.0,0.0,0.0,0.0,,,
2022/09/12,15.47,15.48,15.43,15.46,70.0,1089.0,3.0667,0.642,33.0,0.0,0.0,40.0,40.0,7.0,5.0,0.0,0.0,0.0,0.0,,,
2022/09/13,15.54,15.55,15.53,15.55,68.0,1063.0,0.5821,0.6237,21.0,0.0,0.0,41.0,41.0,2.0,0.0,5.0,0.0,0.0,0.0,,,
2022/09/14,14.86,14.87,14.81,14.83,110.0,1636.0,-4.6302,1.0574,56.0,0.0,0.0,-32.0,-32.0,2.0,0.0,0.0,0.0,0.0,0.0,,,
2022/09/15,14.87,14.97,14.87,14.91,61.0,912.0,0.5394,0.5864,11.0,0.0,0.0,24.0,24.0,2.0,0.0,0.0,0.0,0.0,0.0,,,
2022/09/16,14.85,14.85,14.66,14.66,79.0,1163.0,-1.6767,0.7594,26.0,0.0,0.0,-44.0,-44.0,2.0,0.0,0.0,0.0,0.0,0.0,,,
2022/09/19,14.86,14.86,14.82,14.82,12.0,178.0,1.0914,0.1154,8.0,0.0,0.0,0.0,0.0,2.0,0.0,0.0,0.0,0.0,0.0,,,
2022/09/20,15.01,15.03,14.99,15.03,11.0,170.0,1.417,0.1057,10.0,0.0,0.0,8.0,8.0,2.0,0.0,0.0,0.0,0.0,0.0,,,
2022/09/21,14.89,14.89,14.83,14.83,13.0,204.0,-1.3307,0.125,13.0,0.0,0.0,-8.0,-8.0,2.0,0.0,0.0,0.0,0.0,0.0,,,
2022/09/22,14.56,14.63,14.53,14.61,192.0,2803.0,-1.4835,1.8456,28.0,0.0,0.0,-154.0,-154.0,2.0,0.0,0.0,0.0,0.0,0.0,,,
2022/09/23,14.48,14.48,14.35,14.41,383.0,5535.0,-1.3689,3.6816,116.0,0.0,0.0,-315.0,-315.0,2.0,0.0,0.0,0.0,0.0,0.0,,,
2022/09/26,14.37,14.37,14.22,14.25,9.0,129.0,-1.1103,0.0909,11.0,0.0,0.0,-3.0,-3.0,2.0,0.0,0.0,0.0,0.0,0.0,,,
2022/09/27,14.26,14.26,14.2,14.2,25.0,355.0,-0.3509,0.2808,11.0,0.0,0.0,8.0,8.0,2.0,0.0,0.0,0.0,0.0,0.0,,,
2022/09/28,14.29,14.29,14.12,14.17,117.0,1657.0,-0.2113,1.3142,13.0,0.0,0.0,0.0,0.0,2.0,0.0,0.0,0.0,0.0,0.0,,,
2022/09/29,14.36,14.39,14.35,14.39,118.0,1697.0,1.5526,1.3254,12.0,0.0,0.0,12.0,12.0,2.0,0.0,0.0,0.0,0.0,0.0,,,
2022/09/30,13.98,14.0,13.93,13.97,177.0,2471.0,-2.9187,1.9881,17.0,0.0,0.0,25.0,25.0,2.0,0.0,0.0,0.0,0.0,0.0,,,
2022/10/03,13.68,13.76,13.68,13.7,210.0,2889.0,-1.9327,2.3588,43.0,0.0,0.0,-8.0,-8.0,2.0,0.0,0.0,0.0,0.0,0.0,,,
2022/10/04,14.25,14.41,14.25,14.41,262.0,3759.0,5.1825,2.9428,41.0,0.0,0.0,-17.0,-17.0,3.0,1.0,0.0,0.0,0.0,0.0,,,
2022/10/05,14.95,14.95,14.5,14.72,202.0,2966.0,2.1513,2.2689,50.0,0.0,0.0,66.0,66.0,2.0,0.0,1.0,0.0,0.0,0.0,,,
2022/10/06,14.87,14.91,14.83,14.91,121.0,1805.0,1.2908,1.3591,14.0,0.0,0.0,21.0,21.0,2.0,0.0,0.0,0.0,0.0,0.0,,,
2022/10/07,14.65,14.7,14.62,14.62,106.0,1557.0,-1.945,1.2615,107.0,0.0,0.0,-1.0,-1.0,2.0,0.0,0.0,0.0,0.0,0.0,,,
2022/10/11,13.78,14.1,13.65,13.65,142.0,1953.0,-6.6347,1.6899,36.0,0.0,0.0,-85.0,-85.0,19.0,17.0,0.0,0.0,0.0,0.0,,,
2022/10/12,13.52,13.52,13.3,13.37,95.0,1269.0,-2.0513,1.1305,25.0,0.0,0.0,-42.0,-42.0,2.0,0.0,17.0,0.0,0.0,0.0,,,
2022/10/13,13.22,13.22,13.1,13.13,304.0,3992.0,-1.7951,3.6178,32.0,0.0,0.0,-26.0,-26.0,3.0,1.0,0.0,0.0,0.0,0.0,,,
2022/10/14,13.4,13.6,13.4,13.59,160.0,2170.0,3.5034,1.9041,25.0,0.0,0.0,-15.0,-15.0,3.0,0.0,0.0,0.0,0.0,0.0,,,
2022/10/17,13.23,13.23,13.07,13.12,162.0,2119.0,-3.4584,1.9279,14.0,0.0,0.0,-11.0,-11.0,3.0,0.0,0.0,0.0,0.0,0.0,,,
2022/10/18,13.37,13.58,13.32,13.56,176.0,2388.0,3.3537,2.0945,41.0,0.0,0.0,62.0,62.0,3.0,0.0,0.0,0.0,0.0,0.0,,,
2022/10/19,13.56,13.56,13.42,13.43,129.0,1736.0,-0.9587,1.5352,10.0,0.0,0.0,9.0,9.0,3.0,0.0,0.0,0.0,0.0,0.0,,,
2022/10/20,13.3,13.43,13.3,13.43,171.0,2278.0,0.0,2.035,13.0,0.0,0.0,-56.0,-56.0,3.0,0.0,0.0,0.0,0.0,0.0,,,
2022/10/21,13.48,13.48,13.42,13.46,122.0,1642.0,0.2234,1.4519,11.0,0.0,0.0,20.0,20.0,3.0,0.0,0.0,0.0,0.0,0.0,,,
2022/10/24,14.05,14.09,13.99,13.99,235.0,3298.0,3.9376,2.7966,26.0,0.0,0.0,135.0,135.0,3.0,0.0,0.0,0.0,0.0,0.0,,,
2022/10/25,14.04,14.09,14.02,14.05,131.0,1845.0,0.4289,1.559,20.0,0.0,0.0,31.0,31.0,3.0,0.0,0.0,0.0,0.0,0.0,,,
2022/10/26,14.11,14.22,14.11,14.13,151.0,2142.0,0.5694,1.797,20.0,0.0,0.0,-19.0,-19.0,3.0,0.0,0.0,0.0,0.0,0.0,,,
2022/10/27,14.25,14.29,14.25,14.26,118.0,1685.0,0.92,1.4043,6.0,0.0,0.0,18.0,18.0,3.0,0.0,0.0,0.0,0.0,0.0,,,
2022/10/28,13.97,13.97,13.92,13.93,103.0,1439.0,-2.3142,1.2258,6.0,0.0,0.0,1.0,1.0,3.0,0.0,0.0,0.0,0.0,0.0,,,
2022/10/31,14.42,14.44,14.39,14.44,124.0,1790.0,3.6612,1.4757,11.0,0.0,0.0,22.0,22.0,3.0,0.0,0.0,0.0,0.0,0.0,,,
2022/11/01,14.3,14.32,14.3,14.32,108.0,1544.0,-0.831,1.2853,6.0,0.0,0.0,7.0,7.0,3.0,0.0,0.0,0.0,0.0,0.0,,,
2022/11/02,14.4,14.43,14.4,14.43,109.0,1572.0,0.7682,1.2972,5.0,0.0,0.0,9.0,9.0,3.0,0.0,0.0,0.0,0.0,0.0,,,
2022/11/03,14.0,14.0,13.91,13.91,102.0,1418.0,-3.6036,1.2139,4.0,0.0,0.0,0.0,0.0,3.0,0.0,0.0,0.0,0.0,0.0,,,
2022/11/04,13.77,13.9,13.77,13.88,282.0,3904.0,-0.2157,3.3559,33.0,0.0,0.0,-112.0,-112.0,103.0,100.0,0.0,0.0,0.0,0.0,,,
2022/11/07,14.19,14.24,14.14,14.24,111.0,1580.0,2.5937,1.321,12.0,0.0,0.0,8.0,8.0,103.0,0.0,0.0,0.0,0.0,0.0,,,
2022/11/08,14.58,14.58,14.47,14.5,42.0,610.0,1.8258,0.4998,32.0,0.0,0.0,-12.0,-12.0,103.0,0.0,0.0,0.0,0.0,0.0,,,
2022/11/09,14.75,14.76,14.65,14.67,284.0,4183.0,1.1724,3.3797,51.0,0.0,0.0,22.0,22.0,103.0,0.0,0.0,0.0,0.0,0.0,,,
2022/11/10,14.39,14.39,14.23,14.38,209.0,2998.0,-1.9768,2.4872,18.0,0.0,0.0,94.0,94.0,3.0,0.0,100.0,0.0,0.0,0.0,,,
2022/11/11,15.6,15.6,15.36,15.42,166.0,2561.0,7.2323,1.9755,30.0,0.0,0.0,25.0,25.0,3.0,0.0,0.0,0.0,0.0,0.0,,,
2022/11/14,15.69,15.69,15.59,15.63,168.0,2626.0,1.3619,1.9993,47.0,0.0,0.0,-8.0,-8.0,3.0,0.0,0.0,0.0,0.0,0.0,,,
2022/11/15,15.7,15.76,15.54,15.76,215.0,3368.0,0.8317,2.5586,57.0,0.0,0.0,36.0,36.0,3.0,0.0,0.0,0.0,0.0,0.0,,,
2022/11/16,15.93,16.02,15.81,16.02,389.0,6191.0,1.6497,4.6293,137.0,0.0,0.0,177.0,177.0,3.0,0.0,0.0,0.0,0.0,0.0,,,
2022/11/17,15.47,15.5,15.21,15.45,233.0,3562.0,-3.5581,2.6171,97.0,0.0,0.0,34.0,34.0,2.0,0.0,1.0,0.0,0.0,0.0,,,
2022/11/18,15.41,15.63,15.41,15.54,275.0,4280.0,0.5825,3.0888,101.0,0.0,0.0,54.0,54.0,2.0,0.0,0.0,0.0,0.0,0.0,,,
2022/11/21,15.52,15.54,15.48,15.53,194.0,3011.0,-0.0644,2.179,48.0,0.0,0.0,72.0,72.0,2.0,0.0,0.0,0.0,0.0,0.0,,,
2022/11/22,15.48,15.48,15.3,15.3,214.0,3284.0,-1.481,2.4037,60.0,0.0,0.0,89.0,89.0,2.0,0.0,0.0,0.0,0.0,0.0,,,
2022/11/23,15.68,15.68,15.6,15.63,225.0,3520.0,2.1569,2.5272,62.0,0.0,0.0,129.0,129.0,2.0,0.0,0.0,0.0,0.0,0.0,,,
2022/11/24,15.78,15.82,15.75,15.82,216.0,3409.0,1.2156,2.4261,105.0,0.0,0.0,43.0,43.0,2.0,0.0,0.0,0.0,0.0,0.0,,,
2022/11/25,15.89,15.89,15.82,15.84,158.0,2504.0,0.1264,1.7747,62.0,0.0,0.0,-48.0,-48.0,2.0,0.0,0.0,0.0,0.0,0.0,,,
2022/11/28,15.5,15.53,15.5,15.53,102.0,1584.0,-1.9571,1.1457,8.0,0.0,0.0,1.0,1.0,2.0,0.0,0.0,0.0,0.0,0.0,,,
2022/11/29,15.25,15.33,15.25,15.33,125.0,1914.0,-1.2878,1.404,15.0,0.0,0.0,-10.0,-10.0,2.0,0.0,0.0,0.0,0.0,0.0,,,
2022/11/30,15.29,15.29,15.23,15.27,118.0,1799.0,-0.3914,1.3254,13.0,0.0,0.0,-9.0,-9.0,2.0,0.0,0.0,0.0,0.0,0.0,,,
2022/12/01,15.97,16.04,15.92,15.99,142.0,2269.0,4.7151,1.3024,28.0,0.0,0.0,19.0,19.0,12.0,10.0,0.0,0.0,0.0,0.0,,,
2022/12/02,15.73,15.76,15.69,15.69,135.0,2123.0,-1.8762,1.0463,21.0,0.0,0.0,8.0,8.0,12.0,0.0,0.0,0.0,0.0,0.0,,,
2022/12/05,15.67,15.73,15.67,15.73,135.0,2118.0,0.2549,1.0463,24.0,0.0,0.0,-22.0,-22.0,12.0,0.0,0.0,0.0,0.0,0.0,,,
2022/12/06,15.49,15.49,15.22,15.49,226.0,3473.0,-1.5257,1.7515,26.0,0.0,0.0,7.0,7.0,12.0,0.0,0.0,0.0,0.0,0.0,,,
2022/12/07,15.18,15.21,15.18,15.2,151.0,2295.0,-1.8722,1.1703,14.0,0.0,0.0,-25.0,-25.0,12.0,0.0,0.0,0.0,0.0,0.0,,,
2022/12/08,15.05,15.11,15.03,15.11,134.0,2023.0,-0.5921,1.0385,20.0,0.0,0.0,8.0,8.0,5.0,0.0,7.0,0.0,0.0,0.0,,,
2022/12/09,15.48,15.54,15.45,15.54,127.0,1972.0,2.8458,0.8522,15.0,0.0,0.0,24.0,24.0,5.0,0.0,0.0,0.0,0.0,0.0,,,
2022/12/12,15.32,15.38,15.32,15.37,118.0,1813.0,-1.094,0.7918,13.0,0.0,0.0,1.0,1.0,5.0,0.0,0.0,0.0,0.0,0.0,,,
2022/12/13,15.57,15.71,15.57,15.65,256.0,4012.0,1.8217,1.7178,33.0,0.0,0.0,7.0,7.0,4.0,0.0,1.0,0.0,0.0,0.0,,,
2022/12/14,15.65,15.87,15.65,15.85,269.0,4255.0,1.278,1.805,36.0,0.0,0.0,15.0,15.0,4.0,0.0,0.0,0.0,0.0,0.0,,,
2022/12/15,15.68,15.68,15.57,15.6,125.0,1949.0,-1.5773,0.8388,13.0,0.0,0.0,7.0,7.0,4.0,0.0,0.0,0.0,0.0,0.0,,,
2022/12/16,15.34,15.34,15.05,15.05,37.0,560.0,-3.5256,0.2483,32.0,0.0,0.0,-16.0,-16.0,4.0,0.0,0.0,0.0,0.0,0.0,,,
2022/12/19,15.02,15.04,15.01,15.04,103.0,1547.0,-0.0664,0.6911,5.0,0.0,0.0,0.0,0.0,4.0,0.0,0.0,0.0,0.0,0.0,,,
2022/12/20,14.84,14.84,14.58,14.66,406.0,5943.0,-2.5266,2.7243,47.0,0.0,0.0,10.0,10.0,4.0,0.0,0.0,0.0,0.0,0.0,,,
2022/12/21,14.78,14.8,14.75,14.76,110.0,1623.0,0.6821,0.7381,10.0,0.0,0.0,-3.0,-3.0,4.0,0.0,0.0,0.0,0.0,0.0,,,
2022/12/22,14.96,15.0,14.93,15.0,110.0,1647.0,1.626,0.7381,10.0,0.0,0.0,3.0,3.0,4.0,0.0,0.0,0.0,0.0,0.0,,,
2022/12/23,14.49,14.49,14.43,14.43,110.0,1594.0,-3.8,0.7381,10.0,0.0,0.0,-7.0,-7.0,4.0,0.0,0.0,0.0,0.0,0.0,,,
2022/12/26,14.48,14.5,14.47,14.47,103.0,1493.0,0.2772,0.6911,6.0,0.0,0.0,0.0,0.0,4.0,0.0,0.0,0.0,0.0,0.0,,,
2022/12/27,14.56,14.59,14.56,14.59,102.0,1488.0,0.8293,0.6844,4.0,0.0,0.0,0.0,0.0,4.0,0.0,0.0,0.0,0.0,0.0,,,
2022/12/28,14.38,14.38,14.16,14.2,109.0,1548.0,-2.6731,0.8448,12.0,0.0,0.0,4.0,4.0,1.0,0.0,3.0,0.0,0.0,0.0,,,
2022/12/29,14.09,14.09,14.04,14.06,109.0,1534.0,-0.9859,0.8448,8.0,0.0,0.0,-6.0,-6.0,1.0,0.0,0.0,0.0,0.0,0.0,,,
2022/12/30,14.38,14.48,14.38,14.4,110.0,1591.0,2.4182,0.8525,9.0,0.0,0.0,5.0,5.0,1.0,0.0,0.0,0.0,0.0,0.0,,,
2023/01/03,14.39,14.47,14.39,14.41,122.0,1765.0,0.0694,0.9455,7.0,0.0,0.0,3.0,3.0,1.0,0.0,0.0,0.0,0.0,0.0,,,
2023/01/04,14.28,14.3,14.28,14.3,102.0,1458.0,-0.7634,0.7905,6.0,0.0,0.0,0.0,0.0,1.0,0.0,0.0,0.0,0.0,0.0,,,
2023/01/05,14.51,14.59,14.5,14.54,120.0,1749.0,1.6783,0.93,14.0,0.0,0.0,7.0,7.0,1.0,0.0,0.0,0.0,0.0,0.0,,,
2023/01/06,14.44,14.47,14.44,14.47,120.0,1735.0,-0.4814,0.93,6.0,0.0,0.0,0.0,0.0,1.0,0.0,0.0,0.0,0.0,0.0,,,
2023/01/09,14.96,14.99,14.9,14.99,110.0,1653.0,3.5936,0.8525,13.0,0.0,0.0,9.0,9.0,1.0,0.0,0.0,0.0,0.0,0.0,,,
2023/01/10,15.12,15.12,15.02,15.02,136.0,2049.0,0.2001,1.054,14.0,0.0,0.0,-9.0,-9.0,1.0,0.0,0.0,0.0,0.0,0.0,,,
2023/01/11,15.3,15.3,15.25,15.28,201.0,3070.0,1.731,1.5578,26.0,0.0,0.0,22.0,22.0,1.0,0.0,0.0,0.0,0.0,0.0,,,
2023/01/12,15.45,15.46,15.44,15.46,106.0,1637.0,1.178,0.8546,14.0,0.0,0.0,33.0,33.0,1.0,0.0,0.0,0.0,0.0,0.0,,,
2023/01/13,15.54,15.58,15.5,15.5,27.0,419.0,0.2587,0.2177,12.0,0.0,0.0,21.0,21.0,1.0,0.0,0.0,0.0,0.0,0.0,,,
2023/01/16,15.64,15.64,15.6,15.6,122.0,1907.0,0.6452,0.9836,8.0,0.0,0.0,1.0,1.0,1.0,0.0,0.0,0.0,0.0,0.0,,,
2023/01/17,15.63,15.63,15.52,15.52,123.0,1918.0,-0.5128,0.9917,13.0,0.0,0.0,21.0,21.0,1.0,0.0,0.0,0.0,0.0,0.0,,,
2023/01/30,16.24,16.26,16.22,16.26,145.0,2356.0,4.768,1.1691,28.0,0.0,0.0,40.0,40.0,1.0,0.0,0.0,0.0,0.0,0.0,,,
2023/01/31,15.89,15.89,15.84,15.87,116.0,1839.0,-2.3985,0.9353,13.0,0.0,0.0,-4.0,-4.0,1.0,0.0,0.0,0.0,0.0,0.0,,,
2023/02/01,15.96,16.14,15.96,16.12,154.0,2483.0,1.5753,1.2416,13.0,0.0,0.0,12.0,12.0,1.0,0.0,0.0,0.0,0.0,0.0,,,
2023/02/02,17.05,17.05,16.57,16.65,282.0,4719.0,3.2878,2.2736,74.0,0.0,0.0,86.0,86.0,1.0,0.0,0.0,0.0,0.0,0.0,,,
2023/02/03,16.92,16.93,16.79,16.81,184.0,3107.0,0.961,1.4835,64.0,0.0,0.0,108.0,108.0,3.0,2.0,0.0,0.0,0.0,0.0,,,
2023/02/06,16.79,16.81,16.72,16.72,24.0,402.0,-0.5354,0.1935,9.0,0.0,0.0,2.0,2.0,3.0,0.0,0.0,0.0,0.0,0.0,,,
2023/02/07,16.74,16.74,16.65,16.65,200.0,3336.0,-0.4187,1.6125,42.0,0.0,0.0,91.0,91.0,3.0,0.0,0.0,0.0,0.0,0.0,,,
2023/02/08,17.11,17.35,17.1,17.14,199.0,3415.0,2.9429,1.6045,68.0,0.0,0.0,65.0,65.0,5.0,2.0,0.0,0.0,0.0,0.0,,,
2023/02/09,17.04,17.04,16.88,16.89,44.0,743.0,-1.4586,0.3548,26.0,0.0,0.0,30.0,30.0,5.0,0.0,0.0,0.0,0.0,0.0,,,
2023/02/10,16.86,16.92,16.85,16.85,147.0,2482.0,-0.2368,1.1852,37.0,0.0,0.0,28.0,28.0,5.0,0.0,0.0,0.0,0.0,0.0,,,
2023/02/13,16.65,16.76,16.65,16.74,301.0,5042.0,-0.6528,2.4268,54.0,0.0,0.0,37.0,37.0,3.0,0.0,2.0,0.0,0.0,0.0,,,
2023/02/14,16.99,17.04,16.97,17.04,113.0,1921.0,1.7921,0.9111,57.0,0.0,0.0,62.0,62.0,3.0,0.0,0.0,0.0,0.0,0.0,,,
2023/02/15,17.2,17.27,17.12,17.16,340.0,5856.0,0.7042,2.7413,60.0,0.0,0.0,52.0,52.0,2.0,1.0,2.0,0.0,0.0,0.0,,,
2023/02/16,17.3,17.54,17.3,17.45,278.0,4853.0,1.69,2.2414,71.0,0.0,0.0,81.0,81.0,4.0,2.0,0.0,0.0,0.0,0.0,,,
2023/02/17,17.02,17.02,16.93,16.98,190.0,3229.0,-2.6934,1.5962,48.0,0.0,0.0,36.0,36.0,2.0,0.0,2.0,0.0,0.0,0.0,,,
2023/02/20,16.63,16.95,16.63,16.95,223.0,3768.0,-0.1767,1.8735,59.0,0.0,0.0,29.0,29.0,2.0,0.0,0.0,0.0,0.0,0.0,,,
2023/02/21,16.83,16.84,16.8,16.84,239.0,4021.0,-0.649,2.0079,26.0,0.0,0.0,1.0,1.0,1.0,0.0,1.0,0.0,0.0,0.0,,,
2023/02/22,16.43,16.49,16.41,16.49,123.0,2039.0,-2.0784,1.0334,16.0,0.0,0.0,-2.0,-2.0,1.0,0.0,0.0,0.0,0.0,0.0,,,
2023/02/23,16.63,16.69,16.5,16.69,161.0,2680.0,1.2129,1.3526,13.0,0.0,0.0,-2.0,-2.0,1.0,0.0,0.0,0.0,0.0,0.0,,,
2023/02/24,16.66,16.83,16.66,16.83,107.0,1801.0,0.8388,0.8989,7.0,0.0,0.0,-5.0,-5.0,6.0,5.0,0.0,0.0,0.0,0.0,,,
2023/03/01,16.79,16.79,16.57,16.67,147.0,2459.0,-0.9507,1.2891,13.0,0.0,0.0,-1.0,-1.0,6.0,0.0,0.0,0.0,0.0,0.0,,,
2023/03/02,16.69,16.72,16.64,16.72,141.0,2350.0,0.2999,1.2365,11.0,0.0,0.0,1.0,1.0,6.0,0.0,0.0,0.0,0.0,0.0,,,
2023/03/03,16.82,16.88,16.81,16.85,136.0,2295.0,0.7775,1.1927,13.0,0.0,0.0,0.0,0.0,3.0,0.0,3.0,0.0,0.0,0.0,,,
2023/03/06,17.07,17.2,17.05,17.14,207.0,3550.0,1.7211,1.8153,26.0,-1.0,0.0,52.0,51.0,3.0,0.0,0.0,0.0,0.0,0.0,,,
2023/03/07,16.94,16.97,16.9,16.96,174.0,2949.0,-1.0502,1.5259,47.0,0.0,0.0,45.0,45.0,1.0,0.0,2.0,0.0,0.0,0.0,,,
2023/03/08,16.84,16.84,16.79,16.81,225.0,3784.0,-0.8844,1.9732,46.0,0.0,0.0,74.0,74.0,1.0,0.0,0.0,0.0,0.0,0.0,,,
2023/03/09,17.21,17.21,17.14,17.2,290.0,4985.0,2.32,2.5432,71.0,0.0,0.0,59.0,59.0,1.0,0.0,0.0,0.0,0.0,0.0,,,
2023/03/10,16.61,16.89,16.61,16.83,200.0,3363.0,-2.1512,1.7539,62.0,0.0,0.0,24.0,24.0,1.0,0.0,0.0,0.0,0.0,0.0,,,
2023/03/13,16.76,16.85,16.75,16.85,128.0,2160.0,0.1188,1.1225,16.0,0.0,0.0,1.0,1.0,1.0,0.0,0.0,0.0,0.0,0.0,,,
2023/03/14,16.6,16.64,16.6,16.64,150.0,2495.0,-1.2463,1.3154,10.0,0.0,0.0,-2.0,-2.0,1.0,0.0,0.0,0.0,0.0,0.0,,,
2023/03/15,16.77,17.08,16.77,17.02,286.0,4867.0,2.2837,2.5081,37.0,0.0,0.0,33.0,33.0,1.0,0.0,0.0,0.0,0.0,0.0,,,
2023/03/16,16.92,16.94,16.9,16.92,127.0,2150.0,-0.5875,1.1137,11.0,0.0,0.0,-8.0,-8.0,1.0,0.0,0.0,0.0,0.0,0.0,,,
2023/03/17,17.2,17.43,17.2,17.43,177.0,3079.0,3.0142,1.5522,30.0,0.0,0.0,36.0,36.0,1.0,0.0,0.0,0.0,0.0,0.0,,,
2023/03/20,17.37,17.37,17.31,17.33,189.0,3278.0,-0.5737,1.6575,20.0,0.0,0.0,-16.0,-16.0,1.0,0.0,0.0,0.0,0.0,0.0,,,
2023/03/21,17.3,17.47,17.3,17.46,166.0,2908.0,0.7501,1.4558,35.0,0.0,0.0,56.0,56.0,1.0,0.0,0.0,0.0,0.0,0.0,,,
2023/03/22,17.5,17.51,17.5,17.51,123.0,2153.0,0.2864,1.0787,8.0,0.0,0.0,-8.0,-8.0,1.0,0.0,0.0,0.0,0.0,0.0,,,
2023/03/23,17.36,17.4,17.36,17.4,106.0,1843.0,-0.6282,0.9296,8.0,0.0,0.0,-1.0,-1.0,1.0,0.0,0.0,0.0,0.0,0.0,,,
2023/03/24,17.59,17.68,17.59,17.67,174.0,3078.0,1.5517,1.5259,15.0,0.0,0.0,30.0,30.0,1.0,0.0,0.0,0.0,0.0,0.0,,,
2023/03/27,17.24,17.45,17.24,17.42,182.0,3170.0,-1.4148,1.5961,51.0,0.0,0.0,18.0,18.0,1.0,0.0,0.0,0.0,0.0,0.0,,,
2023/03/28,17.3,17.3,17.2,17.2,160.0,2760.0,-1.2629,1.4031,48.0,0.0,0.0,27.0,27.0,1.0,0.0,0.0,0.0,0.0,0.0,,,
2023/03/29,17.13,17.17,17.11,17.17,181.0,3103.0,-0.1744,1.5873,60.0,0.0,0.0,18.0,18.0,1.0,0.0,0.0,0.0,0.0,0.0,,,
2023/03/30,17.58,17.61,17.54,17.61,209.0,3676.0,2.5626,1.8329,61.0,0.0,0.0,114.0,114.0,1.0,0.0,0.0,0.0,0.0,0.0,,,
2023/03/31,17.9,17.94,17.89,17.9,222.0,3983.0,1.6468,1.9469,20.0,0.0,0.0,-5.0,-5.0,1.0,0.0,0.0,0.0,0.0,0.0,,,
2023/04/06,17.38,17.54,17.33,17.33,272.0,4758.0,-3.1844,2.3853,95.0,0.0,0.0,-72.0,-72.0,1.0,0.0,0.0,0.0,0.0,0.0,,,
2023/04/07,17.22,17.26,17.17,17.18,225.0,3874.0,-0.8656,1.9732,81.0,0.0,0.0,-22.0,-22.0,1.0,0.0,0.0,0.0,0.0,0.0,,,
2023/04/10,17.08,17.21,17.08,17.19,194.0,3334.0,0.0582,1.7013,57.0,0.0,0.0,40.0,40.0,4.0,3.0,0.0,0.0,0.0,0.0,,,
2023/04/11,17.34,17.39,17.32,17.33,72.0,1252.0,0.8144,0.6314,68.0,0.0,0.0,50.0,50.0,1.0,0.0,3.0,0.0,0.0,0.0,,,
2023/04/12,17.32,17.37,17.32,17.33,250.0,4340.0,0.0,2.1924,54.0,0.0,0.0,50.0,50.0,1.0,0.0,0.0,0.0,0.0,0.0,,,
2023/04/13,17.08,17.13,17.05,17.13,31.0,529.0,-1.1541,0.2719,8.0,0.0,0.0,0.0,0.0,1.0,0.0,0.0,0.0,0.0,0.0,,,
2023/04/14,17.16,17.16,17.15,17.16,205.0,3515.0,0.1751,1.7978,8.0,0.0,0.0,-5.0,-5.0,1.0,0.0,0.0,0.0,0.0,0.0,,,
2023/04/17,17.19,17.21,17.05,17.14,62.0,1064.0,-0.1166,0.5437,46.0,0.0,0.0,55.0,55.0,1.0,0.0,0.0,0.0,0.0,0.0,,,
2023/04/18,17.0,17.08,17.0,17.06,246.0,4193.0,-0.4667,2.2563,43.0,0.0,0.0,39.0,39.0,1.0,0.0,0.0,0.0,0.0,0.0,,,
2023/04/19,17.11,17.2,17.08,17.18,162.0,2782.0,0.7034,1.6359,47.0,0.0,0.0,37.0,37.0,1.0,0.0,0.0,0.0,0.0,0.0,,,
2023/04/20,17.07,17.1,17.06,17.1,134.0,2289.0,-0.4657,1.3531,8.0,0.0,0.0,-31.0,-31.0,1.0,0.0,0.0,0.0,0.0,0.0,,,
2023/04/21,17.16,17.17,17.15,17.17,125.0,2146.0,0.4094,1.2622,12.0,0.0,0.0,19.0,19.0,1.0,0.0,0.0,0.0,0.0,0.0,,,
2023/04/24,17.0,17.0,16.97,16.97,105.0,1783.0,-1.1648,1.0603,8.0,0.0,0.0,-5.0,-5.0,1.0,0.0,0.0,0.0,0.0,0.0,,,
2023/04/25,16.92,16.92,16.9,16.92,114.0,1928.0,-0.2946,1.1512,7.0,0.0,0.0,12.0,12.0,1.0,0.0,0.0,0.0,0.0,0.0,,,
2023/04/26,16.59,16.64,16.59,16.63,113.0,1879.0,-1.7139,2.8952,6.0,0.0,0.0,0.0,0.0,1.0,0.0,0.0,0.0,0.0,0.0,,,
2023/04/27,16.6,16.61,16.57,16.59,130.0,2159.0,-0.2405,3.3308,33.0,0.0,0.0,17.0,17.0,1.0,0.0,0.0,0.0,0.0,0.0,,,
2023/04/28,16.58,16.58,16.54,16.58,255.0,4218.0,-0.0603,6.5334,18.0,0.0,0.0,-15.0,-15.0,1.0,0.0,0.0,0.0,0.0,0.0,,,
2023/05/02,16.58,16.92,16.56,16.92,198.0,3331.0,2.0507,5.073,44.0,0.0,0.0,44.0,44.0,1.0,0.0,0.0,0.0,0.0,0.0,,,
2023/05/03,16.78,16.82,16.74,16.76,165.0,2765.0,-0.9456,4.2275,13.0,0.0,0.0,8.0,8.0,1.0,0.0,0.0,0.0,0.0,0.0,,,
2023/05/04,16.63,16.69,16.63,16.69,119.0,1985.0,-0.4177,3.0489,13.0,0.0,0.0,-14.0,-14.0,1.0,0.0,0.0,0.0,0.0,0.0,,,
2023/05/05,16.59,16.59,16.56,16.58,102.0,1691.0,-0.6591,2.6134,4.0,0.0,0.0,-1.0,-1.0,1.0,0.0,0.0,0.0,0.0,0.0,,,
2023/05/08,16.83,16.84,16.83,16.84,105.0,1769.0,1.5682,2.6902,6.0,0.0,0.0,-5.0,-5.0,1.0,0.0,0.0,0.0,0.0,0.0,,,
2023/05/09,16.87,16.89,16.8,16.89,117.0,1974.0,0.2969,2.9977,13.0,0.0,0.0,-14.0,-14.0,1.0,0.0,0.0,0.0,0.0,0.0,,,
2023/05/10,16.66,16.71,16.66,16.68,122.0,2036.0,-1.2433,3.1258,12.0,0.0,0.0,6.0,6.0,1.0,0.0,0.0,0.0,0.0,0.0,,,
2023/05/11,16.7,16.86,16.7,16.86,119.0,2006.0,1.0791,2.4271,8.0,0.0,0.0,5.0,5.0,1.0,0.0,0.0,0.0,0.0,0.0,,,
2023/05/12,16.8,16.8,16.75,16.8,113.0,1897.0,-0.3559,2.0914,6.0,0.0,0.0,-10.0,-10.0,1.0,0.0,0.0,0.0,0.0,0.0,,,
2023/05/15,16.72,16.77,16.72,16.77,2.0,33.0,-0.1786,0.037,2.0,0.0,0.0,-2.0,-2.0,1.0,0.0,0.0,0.0,0.0,0.0,,,
2023/05/16,17.0,17.13,17.0,17.09,280.0,4791.0,1.9082,5.1823,19.0,0.0,0.0,76.0,76.0,1.0,0.0,0.0,0.0,0.0,0.0,,,
2023/05/17,17.14,17.17,17.14,17.14,110.0,1887.0,0.2926,2.0359,5.0,0.0,0.0,0.0,0.0,1.0,0.0,0.0,0.0,0.0,0.0,,,
2023/05/18,17.46,17.46,17.39,17.39,304.0,5299.0,1.4586,5.6265,34.0,0.0,0.0,182.0,182.0,1.0,0.0,0.0,0.0,0.0,0.0,,,
2023/05/19,18.02,18.05,17.98,18.05,179.0,3234.0,3.7953,3.313,25.0,0.0,0.0,60.0,60.0,1.0,0.0,0.0,0.0,0.0,0.0,,,
2023/05/22,17.92,17.92,17.92,17.92,104.0,1863.0,-0.7202,1.7618,5.0,0.0,0.0,-3.0,-3.0,1.0,0.0,0.0,0.0,0.0,0.0,,,
2023/05/23,17.93,18.03,17.93,18.03,122.0,2198.0,0.6138,2.0667,8.0,0.0,0.0,21.0,21.0,1.0,0.0,0.0,0.0,0.0,0.0,,,
2023/05/24,18.09,18.09,17.84,17.86,119.0,2124.0,-0.9429,1.8585,9.0,0.0,0.0,-18.0,-18.0,1.0,0.0,0.0,0.0,0.0,0.0,,,
2023/05/25,18.0,18.15,18.0,18.15,162.0,2941.0,1.6237,2.5301,13.0,0.0,0.0,11.0,11.0,1.0,0.0,0.0,0.0,0.0,0.0,,,
2023/05/26,18.69,18.7,18.65,18.65,350.0,6535.0,2.7548,5.4662,29.0,0.0,0.0,3.0,3.0,1.0,0.0,0.0,0.0,0.0,0.0,,,
2023/05/29,19.63,19.86,19.63,19.8,151.0,3004.0,6.1662,2.3583,35.0,0.0,0.0,-19.0,-19.0,3.0,2.0,0.0,0.0,0.0,0.0,,,
2023/05/30,19.8,19.8,19.73,19.75,145.0,2867.0,-0.2525,2.2646,15.0,0.0,0.0,0.0,0.0,3.0,0.0,0.0,0.0,0.0,0.0,,,
2023/05/31,19.72,19.72,19.72,19.72,103.0,2039.0,-0.1519,1.6086,9.0,0.0,0.0,-1.0,-1.0,3.0,0.0,0.0,0.0,0.0,0.0,,,
2023/06/01,19.18,19.21,19.14,19.2,135.0,2591.0,-2.6369,2.1084,30.0,0.0,0.0,12.0,12.0,3.0,0.0,0.0,0.0,0.0,0.0,,,
2023/06/02,19.53,19.53,19.51,19.52,119.0,2322.0,1.6667,1.8585,7.0,0.0,0.0,7.0,7.0,3.0,0.0,0.0,0.0,0.0,0.0,,,
2023/06/05,19.52,19.52,19.49,19.49,125.0,2440.0,-0.1537,1.9522,10.0,0.0,0.0,-21.0,-21.0,3.0,0.0,0.0,0.0,0.0,0.0,,,
2023/06/06,19.25,19.25,19.19,19.19,120.0,2305.0,-1.5393,1.8741,13.0,0.0,0.0,10.0,10.0,3.0,0.0,0.0,0.0,0.0,0.0,,,
2023/06/07,19.41,19.43,19.4,19.43,122.0,2369.0,1.2507,1.648,16.0,0.0,0.0,11.0,11.0,3.0,0.0,0.0,0.0,0.0,0.0,,,
2023/06/08,19.43,19.44,19.36,19.38,243.0,4721.0,-0.2573,3.2825,31.0,0.0,0.0,0.0,0.0,3.0,0.0,0.0,0.0,0.0,0.0,,,
2023/06/09,19.67,19.68,19.56,19.61,171.0,3352.0,1.1868,2.3099,21.0,0.0,0.0,-31.0,-31.0,3.0,0.0,0.0,0.0,0.0,0.0,,,
2023/06/12,19.64,19.71,19.64,19.69,176.0,3464.0,0.408,2.3774,16.0,0.0,0.0,-6.0,-6.0,3.0,0.0,0.0,0.0,0.0,0.0,,,
2023/06/13,20.09,20.37,20.09,20.34,187.0,3804.0,3.3012,2.526,42.0,-1.0,0.0,25.0,24.0,2.0,1.0,2.0,0.0,0.0,0.0,,,
2023/06/14,20.45,20.58,20.45,20.51,190.0,3900.0,0.8358,2.5665,41.0,0.0,0.0,-6.0,-6.0,12.0,10.0,0.0,0.0,0.0,0.0,,,
2023/06/15,20.8,20.83,20.75,20.79,185.0,3849.0,1.3652,2.499,49.0,0.0,0.0,10.0,10.0,12.0,0.0,0.0,0.0,0.0,0.0,,,
2023/06/16,20.84,20.84,20.54,20.56,118.0,2436.0,-1.1063,1.5939,20.0,0.0,0.0,5.0,5.0,12.0,0.0,0.0,0.0,0.0,0.0,,,
2023/06/19,20.57,20.59,20.55,20.55,202.0,4155.0,-0.0486,2.7286,35.0,0.0,0.0,18.0,18.0,12.0,0.0,0.0,0.0,0.0,0.0,,,
2023/06/20,20.41,20.41,20.38,20.41,144.0,2937.0,-0.6813,1.9452,21.0,0.0,0.0,21.0,21.0,12.0,0.0,0.0,0.0,0.0,0.0,,,
2023/06/21,20.5,20.5,20.47,20.5,5.0,102.0,0.441,0.0675,4.0,0.0,0.0,1.0,1.0,12.0,0.0,0.0,0.0,0.0,0.0,,,
2023/06/26,19.8,19.82,19.8,19.8,10.0,208.0,-3.4146,0.1351,14.0,0.0,0.0,-8.0,-8.0,12.0,0.0,0.0,0.0,0.0,0.0,,,
2023/06/27,19.86,19.86,19.84,19.84,216.0,4289.0,0.202,2.9177,10.0,0.0,0.0,14.0,14.0,2.0,0.0,10.0,0.0,0.0,0.0,,,
2023/06/28,20.36,20.36,20.13,20.22,177.0,3593.0,1.9153,2.3909,21.0,0.0,0.0,25.0,25.0,2.0,0.0,0.0,0.0,0.0,0.0,,,
2023/06/29,20.32,20.35,20.32,20.35,130.0,2643.0,0.6429,1.756,15.0,0.0,0.0,7.0,7.0,2.0,0.0,0.0,0.0,0.0,0.0,,,
2023/06/30,20.4,20.44,20.4,20.44,111.0,2278.0,0.4423,1.4994,13.0,0.0,0.0,4.0,4.0,2.0,0.0,0.0,0.0,0.0,0.0,,,
2023/07/03,20.71,20.75,20.7,20.71,197.0,4084.0,1.3209,2.6611,28.0,0.0,0.0,74.0,74.0,2.0,0.0,0.0,0.0,0.0,0.0,,,
2023/07/04,20.76,20.86,20.76,20.84,138.0,2876.0,0.6277,1.8641,21.0,0.0,0.0,7.0,7.0,2.0,0.0,0.0,0.0,0.0,0.0,,,
2023/07/05,20.9,20.92,20.9,20.9,122.0,2555.0,0.2879,1.648,12.0,0.0,0.0,-16.0,-16.0,1.0,0.0,1.0,0.0,0.0,0.0,,,
2023/07/06,21.0,21.0,20.47,20.47,128.0,2647.0,-2.0574,1.8543,24.0,0.0,0.0,-18.0,-18.0,1.0,0.0,0.0,0.0,0.0,0.0,,,
2023/07/07,20.31,20.32,20.3,20.32,112.0,2274.0,-0.7328,1.6225,8.0,0.0,0.0,7.0,7.0,1.0,0.0,0.0,0.0,0.0,0.0,,,
2023/07/10,20.25,20.25,20.22,20.25,132.0,2673.0,-0.3445,1.9122,11.0,0.0,0.0,29.0,29.0,1.0,0.0,0.0,0.0,0.0,0.0,,,
2023/07/11,20.68,20.72,20.68,20.72,112.0,2320.0,2.321,1.6225,11.0,0.0,0.0,12.0,12.0,1.0,0.0,0.0,0.0,0.0,0.0,,,
2023/07/12,20.66,20.67,20.64,20.65,181.0,3738.0,-0.3378,2.622,13.0,0.0,0.0,-9.0,-9.0,1.0,0.0,0.0,0.0,0.0,0.0,,,
2023/07/13,20.8,20.92,20.8,20.9,150.0,3133.0,1.2107,2.173,58.0,0.0,0.0,104.0,104.0,1.0,0.0,0.0,0.0,0.0,0.0,,,
2023/07/14,21.04,21.09,21.0,21.01,209.0,4392.0,0.5263,3.0277,44.0,0.0,0.0,98.0,98.0,1.0,0.0,0.0,0.0,0.0,0.0,,,
2023/07/17,20.96,21.08,20.96,21.08,115.0,2423.0,0.3332,1.796,14.0,0.0,0.0,15.0,15.0,1.0,0.0,0.0,0.0,0.0,0.0,,,
2023/07/18,21.52,21.53,21.45,21.46,216.0,4648.0,1.8027,3.3734,28.0,0.0,0.0,13.0,13.0,1.0,0.0,0.0,0.0,0.0,0.0,,,
2023/07/19,21.65,21.68,21.56,21.65,158.0,3414.0,0.8854,2.4676,12.0,0.0,0.0,-4.0,-4.0,1.0,0.0,0.0,0.0,0.0,0.0,,,
2023/07/20,21.27,21.27,21.27,21.27,10.0,219.0,-1.7552,0.1562,5.0,0.0,0.0,-10.0,-10.0,1.0,0.0,0.0,0.0,0.0,0.0,,,
2023/07/21,20.76,20.81,20.73,20.81,118.0,2456.0,-2.1627,1.8429,13.0,0.0,0.0,-13.0,-13.0,1.0,0.0,0.0,0.0,0.0,0.0,,,
2023/07/24,20.98,21.1,20.98,21.1,6.0,126.0,1.3936,0.0937,6.0,0.0,0.0,2.0,2.0,1.0,0.0,0.0,0.0,0.0,0.0,,,
2023/07/25,21.02,21.02,20.98,20.98,106.0,2228.0,-0.5687,1.6555,6.0,0.0,0.0,1.0,1.0,1.0,0.0,0.0,0.0,0.0,0.0,,,
2023/07/26,21.25,21.28,21.24,21.28,120.0,2553.0,1.4299,1.8741,9.0,0.0,0.0,17.0,17.0,1.0,0.0,0.0,0.0,0.0,0.0,,,
2023/07/27,21.04,21.1,21.04,21.1,45.0,947.0,-0.8459,0.7028,6.0,0.0,0.0,11.0,11.0,1.0,0.0,0.0,0.0,0.0,0.0,,,
2023/07/28,21.45,21.6,21.44,21.6,169.0,3640.0,2.3697,2.6394,12.0,0.0,0.0,-6.0,-6.0,6.0,5.0,0.0,0.0,0.0,0.0,,,
2023/07/31,21.95,21.95,21.9,21.93,120.0,2631.0,1.5278,1.8741,9.0,0.0,0.0,-19.0,-19.0,6.0,0.0,0.0,0.0,0.0,0.0,,,
2023/08/01,21.95,22.1,21.95,22.08,106.0,2341.0,0.684,1.6555,6.0,0.0,0.0,0.0,0.0,6.0,0.0,0.0,0.0,0.0,0.0,,,
2023/08/02,22.01,22.01,21.94,21.94,16.0,351.0,-0.6341,0.2499,5.0,0.0,0.0,14.0,14.0,1.0,0.0,5.0,0.0,0.0,0.0,,,
2023/08/04,21.43,21.43,21.4,21.4,173.0,3702.0,-2.4613,2.7019,13.0,0.0,0.0,157.0,157.0,1.0,0.0,0.0,0.0,0.0,0.0,,,
2023/08/07,21.37,21.41,21.35,21.41,111.0,2374.0,0.0467,1.7336,6.0,0.0,0.0,3.0,3.0,1.0,0.0,0.0,0.0,0.0,0.0,,,
2023/08/08,21.41,21.49,21.41,21.47,105.0,2258.0,0.2802,1.6399,8.0,0.0,0.0,-1.0,-1.0,1.0,0.0,0.0,0.0,0.0,0.0,,,
2023/08/09,21.35,21.38,21.35,21.38,5.0,107.0,-0.4192,0.0781,6.0,0.0,0.0,-3.0,-3.0,1.0,0.0,0.0,0.0,0.0,0.0,,,
2023/08/10,20.81,20.97,20.81,20.95,137.0,2869.0,-2.0112,2.1396,16.0,0.0,0.0,26.0,26.0,1.0,0.0,0.0,0.0,0.0,0.0,,,
2023/08/11,20.81,20.9,20.74,20.74,146.0,3040.0,-1.0024,2.2802,9.0,0.0,0.0,44.0,44.0,1.0,0.0,0.0,0.0,0.0,0.0,,,
2023/08/14,20.29,20.29,20.25,20.27,111.0,2256.0,-2.2662,1.7336,11.0,0.0,0.0,11.0,11.0,1.0,0.0,0.0,0.0,0.0,0.0,,,
2023/08/15,20.84,20.92,20.84,20.9,239.0,4996.0,3.108,3.7326,22.0,0.0,0.0,194.0,194.0,1.0,0.0,0.0,0.0,0.0,0.0,,,
2023/08/16,20.46,20.47,20.45,20.47,194.0,3989.0,-2.0574,3.0298,14.0,0.0,0.0,85.0,85.0,1.0,0.0,0.0,0.0,0.0,0.0,,,
2023/08/17,20.15,20.16,20.06,20.16,110.0,2217.0,-1.5144,1.7179,8.0,0.0,0.0,-6.0,-6.0,1.0,0.0,0.0,0.0,0.0,0.0,,,
2023/08/18,19.96,19.96,19.85,19.85,125.0,2484.0,-1.5377,1.9522,15.0,0.0,0.0,12.0,12.0,1.0,0.0,0.0,0.0,0.0,0.0,,,
2023/08/21,20.04,20.1,20.04,20.1,113.0,2273.0,1.2594,1.7648,17.0,0.0,0.0,-4.0,-4.0,1.0,0.0,0.0,0.0,0.0,0.0,,,
2023/08/22,20.59,20.63,20.59,20.63,112.0,2314.0,2.6368,1.7492,8.0,0.0,0.0,-2.0,-2.0,1.0,0.0,0.0,0.0,0.0,0.0,,,
2023/08/23,20.59,20.6,20.59,20.6,102.0,2101.0,-0.1454,1.593,3.0,0.0,0.0,-2.0,-2.0,1.0,0.0,0.0,0.0,0.0,0.0,,,
2023/08/24,21.2,21.3,21.11,21.3,190.0,4044.0,3.3981,2.9674,23.0,0.0,0.0,7.0,7.0,1.0,0.0,0.0,0.0,0.0,0.0,,,
2023/08/25,20.63,20.63,20.2,20.22,116.0,2349.0,-5.0704,1.8117,20.0,0.0,0.0,-13.0,-13.0,1.0,0.0,0.0,0.0,0.0,0.0,,,
2023/08/28,20.31,20.32,20.31,20.32,102.0,2074.0,0.4946,1.593,5.0,0.0,0.0,0.0,0.0,1.0,0.0,0.0,0.0,0.0,0.0,,,
2023/08/29,20.46,20.46,20.44,20.46,105.0,2149.0,0.689,1.6399,7.0,0.0,0.0,3.0,3.0,1.0,0.0,0.0,0.0,0.0,0.0,,,
2023/08/30,21.0,21.13,21.0,21.12,106.0,2241.0,3.2258,1.6555,10.0,0.0,0.0,2.0,2.0,1.0,0.0,0.0,0.0,0.0,0.0,,,
2023/08/31,21.15,21.19,21.15,21.19,119.0,2520.0,0.3314,1.8585,9.0,0.0,0.0,13.0,13.0,1.0,0.0,0.0,0.0,0.0,0.0,,,
2023/09/01,21.27,21.27,21.27,21.27,1.0,21.0,0.3775,0.0156,1.0,0.0,0.0,1.0,1.0,1.0,0.0,0.0,0.0,0.0,0.0,,,
2023/09/04,21.27,21.39,21.27,21.39,111.0,2373.0,0.5642,1.7336,10.0,0.0,0.0,5.0,5.0,1.0,0.0,0.0,0.0,0.0,0.0,,,
2023/09/05,21.39,21.39,21.35,21.35,107.0,2287.0,-0.187,1.6711,4.0,0.0,0.0,-6.0,-6.0,7.0,6.0,0.0,0.0,0.0,0.0,,,
2023/09/06,21.35,21.35,21.35,21.35,100.0,2135.0,0.0,1.5618,3.0,0.0,0.0,0.0,0.0,7.0,0.0,0.0,0.0,0.0,0.0,,,
2023/09/07,21.24,21.24,21.19,21.19,106.0,2251.0,-0.7494,1.6555,4.0,0.0,0.0,5.0,5.0,7.0,0.0,0.0,0.0,0.0,0.0,,,
2023/09/08,20.83,20.83,20.83,20.83,100.0,2083.0,-1.6989,1.5618,4.0,0.0,0.0,0.0,0.0,7.0,0.0,0.0,0.0,0.0,0.0,,,
2023/09/11,20.74,20.79,20.74,20.79,108.0,2246.0,-0.192,1.6867,8.0,0.0,0.0,5.0,5.0,7.0,0.0,0.0,0.0,0.0,0.0,,,
2023/09/12,20.64,20.7,20.64,20.7,102.0,2108.0,-0.4329,1.593,4.0,0.0,0.0,0.0,0.0,7.0,0.0,0.0,0.0,0.0,0.0,,,
2023/09/13,20.52,20.52,20.52,20.52,100.0,2067.0,-0.8696,1.5618,11.0,0.0,0.0,-1.0,-1.0,7.0,0.0,0.0,0.0,0.0,0.0,,,
2023/09/14,20.66,20.7,20.66,20.7,102.0,2111.0,0.8772,1.593,3.0,0.0,0.0,2.0,2.0,7.0,0.0,0.0,0.0,0.0,0.0,,,
2023/09/15,20.85,20.85,20.85,20.85,100.0,2085.0,0.7246,1.5618,4.0,0.0,0.0,0.0,0.0,7.0,0.0,0.0,0.0,0.0,0.0,,,
2023/09/18,20.18,20.2,20.14,20.17,123.0,2487.0,-3.2614,1.921,16.0,0.0,0.0,0.0,0.0,7.0,0.0,0.0,0.0,0.0,0.0,,,
2023/09/19,20.25,20.27,20.25,20.27,7.0,141.0,0.4958,0.1093,3.0,0.0,0.0,7.0,7.0,1.0,0.0,6.0,0.0,0.0,0.0,,,
2023/09/20,20.14,20.14,20.1,20.12,206.0,4145.0,-0.74,3.2172,9.0,0.0,0.0,-2.0,-2.0,1.0,0.0,0.0,0.0,0.0,0.0,,,
2023/09/21,19.81,19.82,19.81,19.82,120.0,2381.0,-1.4911,1.8741,6.0,0.0,0.0,0.0,0.0,1.0,0.0,0.0,0.0,0.0,0.0,,,
2023/09/22,19.67,19.68,19.61,19.61,123.0,2419.0,-1.0595,1.921,9.0,0.0,0.0,7.0,7.0,1.0,0.0,0.0,0.0,0.0,0.0,,,
2023/09/25,19.83,19.83,19.83,19.83,1.0,19.0,1.1219,0.0156,1.0,0.0,0.0,-1.0,-1.0,1.0,0.0,0.0,0.0,0.0,0.0,,,
2023/09/26,19.83,19.85,19.82,19.85,35.0,693.0,0.1009,0.5466,9.0,0.0,0.0,-11.0,-11.0,1.0,0.0,0.0,0.0,0.0,0.0,,,
2023/09/27,19.7,19.71,19.62,19.68,160.0,3147.0,-0.8564,2.4988,14.0,0.0,0.0,-9.0,-9.0,1.0,0.0,0.0,0.0,0.0,0.0,,,
2023/09/28,19.84,19.84,19.77,19.77,108.0,2137.0,0.4573,1.6867,8.0,0.0,0.0,-8.0,-8.0,1.0,0.0,0.0,0.0,0.0,0.0,,,
2023/10/02,20.25,20.25,20.25,20.25,103.0,2085.0,2.4279,1.6086,5.0,0.0,0.0,-3.0,-3.0,1.0,0.0,0.0,0.0,0.0,0.0,,,
2023/10/03,20.28,20.28,20.28,20.28,2.0,40.0,0.1481,0.0312,2.0,0.0,0.0,-2.0,-2.0,1.0,0.0,0.0,0.0,0.0,0.0,,,
2023/10/04,20.28,20.28,20.28,20.28,0.0,0.0,0.0,0.0,0.0,0.0,0.0,0.0,0.0,1.0,0.0,0.0,0.0,0.0,0.0,,,
2023/10/05,20.08,20.11,20.08,20.11,311.0,6256.0,-0.8383,4.8571,36.0,0.0,0.0,1.0,1.0,1.0,0.0,0.0,0.0,0.0,0.0,,,
2023/10/06,20.07,20.08,20.0,20.0,126.0,2528.0,-0.547,1.9678,19.0,0.0,0.0,-4.0,-4.0,1.0,0.0,0.0,0.0,0.0,0.0,,,
2023/10/11,20.59,20.66,20.59,20.6,127.0,2632.0,3.0,1.9834,30.0,0.0,0.0,20.0,20.0,1.0,0.0,0.0,0.0,0.0,0.0,,,
2023/10/12,20.75,20.81,20.75,20.79,107.0,2224.0,0.9223,1.6711,19.0,0.0,0.0,-3.0,-3.0,1.0,0.0,0.0,0.0,0.0,0.0,,,
2023/10/13,20.78,20.78,20.77,20.77,112.0,2337.0,-0.0962,1.7492,26.0,0.0,0.0,-2.0,-2.0,1.0,0.0,0.0,0.0,0.0,0.0,,,
2023/10/16,20.4,20.4,20.37,20.37,107.0,2180.0,-1.9259,1.6711,19.0,0.0,0.0,-5.0,-5.0,1.0,0.0,0.0,0.0,0.0,0.0,,,
2023/10/17,20.59,20.59,20.55,20.55,102.0,2096.0,0.8837,1.593,19.0,0.0,0.0,0.0,0.0,1.0,0.0,0.0,0.0,0.0,0.0,,,
2023/10/18,20.37,20.37,20.3,20.3,119.0,2426.0,-1.2165,1.8585,24.0,0.0,0.0,-2.0,-2.0,1.0,0.0,0.0,0.0,0.0,0.0,,,
2023/10/19,20.02,20.02,20.02,20.02,100.0,2002.0,-1.3793,1.5618,16.0,0.0,0.0,0.0,0.0,1.0,0.0,0.0,0.0,0.0,0.0,,,
2023/10/20,19.67,19.73,19.65,19.72,105.0,2070.0,-1.4985,1.6399,15.0,0.0,0.0,-2.0,-2.0,1.0,0.0,0.0,0.0,0.0,0.0,,,
2023/10/23,19.55,19.56,19.55,19.56,101.0,1986.0,-0.8114,1.5774,19.0,0.0,0.0,-1.0,-1.0,1.0,0.0,0.0,0.0,0.0,0.0,,,
2023/10/24,19.43,19.44,19.43,19.44,103.0,2008.0,-0.6135,1.6086,20.0,0.0,0.0,-3.0,-3.0,1.0,0.0,0.0,0.0,0.0,0.0,,,
2023/10/25,19.44,19.56,19.44,19.56,107.0,2095.0,0.6173,1.6711,20.0,0.0,0.0,6.0,6.0,1.0,0.0,0.0,0.0,0.0,0.0,,,
2023/10/26,18.74,18.74,18.69,18.72,130.0,2436.0,-4.2945,2.0303,21.0,0.0,0.0,-20.0,-20.0,4.0,3.0,0.0,0.0,0.0,0.0,,,
2023/10/27,18.9,18.93,18.9,18.93,105.0,1987.0,1.1218,1.6399,17.0,0.0,0.0,5.0,5.0,4.0,0.0,0.0,0.0,0.0,0.0,,,
2023/10/30,19.1,19.1,19.09,19.09,102.0,1953.0,0.8452,1.593,25.0,0.0,0.0,-1.0,-1.0,4.0,0.0,0.0,0.0,0.0,0.0,,,
2023/10/31,18.74,18.74,18.67,18.67,101.0,1885.0,-2.2001,1.5774,17.0,0.0,0.0,-1.0,-1.0,4.0,0.0,0.0,0.0,0.0,0.0,,,
2023/11/01,19.0,19.0,18.97,18.97,102.0,1934.0,1.6069,1.593,17.0,0.0,0.0,-2.0,-2.0,4.0,0.0,0.0,0.0,0.0,0.0,,,
2023/11/02,19.43,19.43,19.43,19.43,104.0,2021.0,2.4249,1.6242,25.0,0.0,0.0,-2.0,-2.0,4.0,0.0,0.0,0.0,0.0,0.0,,,
2023/11/03,19.71,19.71,19.66,19.66,105.0,2064.0,1.1837,1.6399,19.0,0.0,0.0,1.0,1.0,4.0,0.0,0.0,0.0,0.0,0.0,,,
2023/11/06,20.19,20.19,20.11,20.11,109.0,2192.0,2.2889,1.7023,17.0,0.0,0.0,-1.0,-1.0,4.0,0.0,0.0,0.0,0.0,0.0,,,
2023/11/07,20.05,20.05,20.05,20.05,101.0,2025.0,-0.2984,1.5774,16.0,0.0,0.0,0.0,0.0,3.0,0.0,1.0,0.0,0.0,0.0,,,
2023/11/08,20.05,20.15,20.05,20.15,112.0,2255.0,0.4988,1.7492,22.0,-2.0,0.0,6.0,4.0,1.0,0.0,2.0,0.0,0.0,0.0,,,
2023/11/09,20.27,20.27,20.25,20.25,106.0,2152.0,0.4963,1.6555,18.0,0.0,0.0,6.0,6.0,1.0,0.0,0.0,0.0,0.0,0.0,,,
2023/11/10,20.1,20.17,20.1,20.17,102.0,2057.0,-0.3951,1.593,16.0,0.0,0.0,2.0,2.0,1.0,0.0,0.0,0.0,0.0,0.0,,,
2023/11/13,20.97,21.01,20.95,20.98,231.0,4855.0,4.0159,3.6077,60.0,0.0,0.0,-13.0,-13.0,11.0,10.0,0.0,0.0,0.0,0.0,,,
2023/11/14,20.98,20.98,20.85,20.85,104.0,2169.0,-0.6196,1.6242,18.0,0.0,0.0,-4.0,-4.0,11.0,0.0,0.0,0.0,0.0,0.0,,,
2023/11/15,21.2,21.43,21.2,21.43,111.0,2385.0,2.7818,1.7336,22.0,0.0,0.0,11.0,11.0,11.0,0.0,0.0,0.0,0.0,0.0,,,
2023/11/16,21.58,21.58,21.4,21.4,156.0,3348.0,-0.14,2.4364,27.0,0.0,0.0,0.0,0.0,1.0,0.0,10.0,0.0,0.0,0.0,,,
2023/11/17,21.41,21.45,21.41,21.45,123.0,2638.0,0.2336,1.921,21.0,0.0,0.0,1.0,1.0,1.0,0.0,0.0,0.0,0.0,0.0,,,
2023/11/20,21.39,21.42,21.39,21.42,103.0,2206.0,-0.1399,1.6086,22.0,0.0,0.0,-1.0,-1.0,1.0,0.0,0.0,0.0,0.0,0.0,,,
2023/11/21,21.6,21.6,21.58,21.58,103.0,2224.0,0.747,1.6086,20.0,0.0,0.0,0.0,0.0,1.0,0.0,0.0,0.0,0.0,0.0,,,
2023/11/22,21.07,21.23,21.07,21.21,109.0,2312.0,-1.7146,1.7023,20.0,0.0,0.0,-2.0,-2.0,1.0,0.0,0.0,0.0,0.0,0.0,,,
2023/11/23,21.25,21.38,21.25,21.32,114.0,2436.0,0.5186,1.7804,20.0,0.0,0.0,13.0,13.0,1.0,0.0,0.0,0.0,0.0,0.0,,,
2023/11/24,21.4,21.4,21.4,21.4,100.0,2140.0,0.3752,1.5618,15.0,0.0,0.0,0.0,0.0,1.0,0.0,0.0,0.0,0.0,0.0,,,
2023/11/27,21.28,21.28,21.28,21.28,100.0,2128.0,-0.5607,1.5618,15.0,0.0,0.0,0.0,0.0,1.0,0.0,0.0,0.0,0.0,0.0,,,
2023/11/28,21.26,21.26,21.24,21.24,54.0,1149.0,-0.188,0.8434,8.0,0.0,0.0,-2.0,-2.0,1.0,0.0,0.0,0.0,0.0,0.0,,,
2023/11/29,21.24,21.24,21.1,21.1,154.0,3256.0,-0.6591,2.4051,17.0,0.0,0.0,-4.0,-4.0,1.0,0.0,0.0,0.0,0.0,0.0,,,
2023/11/30,21.25,21.25,21.25,21.25,100.0,2125.0,0.7109,1.5618,16.0,0.0,0.0,0.0,0.0,1.0,0.0,0.0,0.0,0.0,0.0,,,
2023/12/01,21.25,21.25,21.08,21.12,107.0,2261.0,-0.6118,1.6711,17.0,0.0,0.0,-6.0,-6.0,1.0,0.0,0.0,0.0,0.0,0.0,,,
2023/12/04,21.18,21.18,21.11,21.12,103.0,2175.0,0.0,1.6086,17.0,0.0,0.0,-2.0,-2.0,1.0,0.0,0.0,0.0,0.0,0.0,,,
2023/12/05,20.99,21.01,20.93,21.01,106.0,2224.0,-0.5208,1.6555,17.0,0.0,0.0,5.0,5.0,1.0,0.0,0.0,0.0,0.0,0.0,,,
2023/12/06,21.13,21.13,21.09,21.11,106.0,2237.0,0.476,1.6555,19.0,0.0,0.0,-5.0,-5.0,1.0,0.0,0.0,0.0,0.0,0.0,,,
2023/12/07,20.9,20.9,20.9,20.9,101.0,2110.0,-0.9948,1.5774,12.0,0.0,0.0,-1.0,-1.0,1.0,0.0,0.0,0.0,0.0,0.0,,,
2023/12/08,21.27,21.27,21.18,21.27,138.0,2931.0,1.7703,2.1552,47.0,0.0,0.0,3.0,3.0,1.0,0.0,0.0,0.0,0.0,0.0,,,
2023/12/11,21.51,21.51,21.42,21.42,121.0,2602.0,0.7052,1.8897,24.0,0.0,0.0,4.0,4.0,11.0,10.0,0.0,0.0,0.0,0.0,,,
2023/12/12,22.18,22.29,22.18,22.29,133.0,2970.0,4.0616,2.2531,54.0,0.0,0.0,1.0,1.0,7.0,6.0,10.0,0.0,0.0,0.0,,,
2023/12/13,22.42,22.66,22.42,22.55,390.0,8796.0,1.1664,6.6068,60.0,0.0,0.0,-190.0,-190.0,203.0,196.0,0.0,0.0,0.0,0.0,,,
2023/12/14,22.85,22.89,22.8,22.8,146.0,3335.0,1.1086,2.4733,33.0,0.0,0.0,-19.0,-19.0,203.0,0.0,0.0,0.0,0.0,0.0,,,
2023/12/15,23.3,23.38,23.25,23.38,119.0,2797.0,2.5439,2.0159,37.0,0.0,0.0,1.0,1.0,204.0,1.0,0.0,0.0,0.0,0.0,,,
2023/12/18,23.33,23.36,23.29,23.36,337.0,7863.0,-0.0855,5.709,63.0,0.0,0.0,180.0,180.0,9.0,0.0,195.0,0.0,0.0,0.0,,,
2023/12/19,23.24,23.31,23.16,23.31,120.0,2803.0,-0.214,2.0329,28.0,0.0,0.0,-1.0,-1.0,9.0,0.0,0.0,0.0,0.0,0.0,,,
2023/12/20,23.38,23.43,23.36,23.43,116.0,2715.0,0.5148,1.9651,22.0,0.0,0.0,-4.0,-4.0,9.0,0.0,0.0,0.0,0.0,0.0,,,
2023/12/21,22.85,22.85,22.79,22.84,125.0,2853.0,-2.5181,2.1176,31.0,0.0,0.0,-9.0,-9.0,4.0,0.0,5.0,0.0,0.0,0.0,,,
2023/12/22,23.14,23.17,23.14,23.17,305.0,7067.0,1.4448,5.1669,43.0,0.0,0.0,-5.0,-5.0,4.0,0.0,0.0,0.0,0.0,0.0,,,
2023/12/25,23.3,23.31,23.26,23.27,354.0,8237.0,0.4316,5.997,33.0,0.0,0.0,14.0,14.0,4.0,0.0,0.0,0.0,0.0,0.0,,,
2023/12/26,23.14,23.3,23.14,23.3,391.0,9112.0,0.1289,6.6238,34.0,0.0,0.0,0.0,0.0,4.0,0.0,0.0,0.0,0.0,0.0,,,
2023/12/27,23.48,23.57,23.48,23.54,321.0,7554.0,1.03,5.4379,37.0,0.0,0.0,-11.0,-11.0,4.0,0.0,0.0,0.0,0.0,0.0,,,
2023/12/28,23.54,23.54,23.49,23.53,330.0,7773.0,-0.0425,5.5904,26.0,0.0,0.0,2.0,2.0,4.0,0.0,0.0,0.0,0.0,0.0,,,
2023/12/29,23.43,23.5,23.43,23.47,760.0,17867.0,-0.255,12.8748,43.0,0.0,0.0,-53.0,-53.0,4.0,0.0,0.0,0.0,0.0,0.0,,,
2024/01/02,23.46,23.46,23.3,23.39,518.0,12104.0,-0.3409,8.7752,57.0,0.0,0.0,-11.0,-11.0,4.0,0.0,0.0,0.0,0.0,0.0,,,
2024/01/03,22.69,22.79,22.69,22.69,821.0,18662.0,-2.9927,13.9082,135.0,0.0,0.0,-166.0,-166.0,3.0,0.0,1.0,0.0,0.0,0.0,,,
2024/01/04,22.6,22.6,22.32,22.32,719.0,16062.0,-1.6307,12.1802,114.0,0.0,0.0,-145.0,-145.0,3.0,0.0,0.0,0.0,0.0,0.0,,,
2024/01/05,22.27,22.27,22.11,22.11,410.0,9091.0,-0.9409,6.9456,115.0,0.0,0.0,-99.0,-99.0,4.0,1.0,0.0,0.0,0.0,0.0,,,
2024/01/08,22.13,22.19,22.12,22.13,702.0,15568.0,0.0905,11.8923,80.0,0.0,0.0,-178.0,-178.0,4.0,0.0,0.0,0.0,0.0,0.0,,,
2024/01/09,22.8,22.86,22.79,22.82,504.0,11510.0,3.1179,8.538,179.0,0.0,0.0,-19.0,-19.0,9.0,6.0,1.0,0.0,0.0,0.0,,,
2024/01/10,22.95,22.96,22.9,22.95,586.0,13452.0,0.5697,9.9272,88.0,0.0,0.0,-37.0,-37.0,4.0,0.0,5.0,0.0,0.0,0.0,,,
2024/01/11,22.98,22.98,22.92,22.92,447.0,10260.0,-0.1307,7.5724,124.0,0.0,0.0,-49.0,-49.0,3.0,1.0,2.0,0.0,0.0,0.0,,,
2024/01/12,22.93,22.97,22.93,22.96,393.0,9035.0,0.1745,6.6576,78.0,0.0,0.0,-27.0,-27.0,3.0,0.0,0.0,0.0,0.0,0.0,,,
2024/01/15,22.96,23.07,22.9,23.05,698.0,16040.0,0.392,11.8245,99.0,3.0,0.0,-126.0,-123.0,6.0,3.0,0.0,0.0,0.0,0.0,,,
2024/01/16,23.1,23.1,22.98,23.02,794.0,18289.0,-0.1302,13.4508,123.0,2.0,0.0,-131.0,-129.0,5.0,0.0,1.0,0.0,0.0,0.0,,,
2024/01/17,23.3,24.0,23.29,23.55,2584.0,60938.0,2.3023,32.6964,571.0,1.0,0.0,-1696.0,-1695.0,43.0,42.0,4.0,0.0,0.0,0.0,,,
2024/01/18,23.69,23.79,23.4,23.45,1878.0,44403.0,-0.4246,17.2246,504.0,1.0,0.0,-1211.0,-1210.0,31.0,28.0,40.0,0.0,0.0,0.0,,,
2024/01/19,24.0,24.24,23.92,24.05,2853.0,68578.0,2.5586,26.1671,727.0,0.0,0.0,-873.0,-873.0,331.0,310.0,10.0,0.0,0.0,0.0,,,
2024/01/22,23.76,23.97,23.61,23.8,1870.0,44434.0,3.1185,17.9756,385.0,-7.0,0.0,974.0,967.0,51.0,31.0,311.0,0.0,0.0,0.0,,,
2024/01/23,23.56,23.83,23.56,23.72,1492.0,35391.0,-0.3361,14.342,198.0,0.0,0.0,283.0,283.0,50.0,0.0,1.0,0.0,0.0,0.0,,,
2024/01/24,23.81,24.0,23.81,23.97,628.0,15062.0,1.054,6.3415,104.0,0.0,0.0,-298.0,-298.0,337.0,300.0,13.0,0.0,0.0,0.0,,,
2024/01/25,24.17,24.3,24.14,24.2,1143.0,27675.0,0.9595,12.1557,183.0,2.0,0.0,311.0,313.0,180.0,161.0,318.0,0.0,0.0,0.0,,,
2024/01/26,24.1,24.1,23.67,23.72,533.0,12664.0,-1.9835,5.6684,250.0,0.0,0.0,6.0,6.0,170.0,0.0,10.0,0.0,0.0,0.0,,,
2024/01/29,23.57,23.59,23.33,23.52,522.0,12276.0,-0.8432,5.8632,163.0,1.0,0.0,251.0,252.0,10.0,0.0,160.0,0.0,0.0,0.0,,,
2024/01/30,23.96,23.96,23.72,23.75,708.0,16826.0,0.9779,7.9524,103.0,0.0,0.0,-525.0,-525.0,9.0,0.0,1.0,0.0,0.0,0.0,,,
2024/01/31,23.37,23.37,23.1,23.22,403.0,9363.0,-2.2316,4.7959,239.0,0.0,0.0,-126.0,-126.0,14.0,5.0,0.0,0.0,0.0,0.0,,,
2024/02/01,23.23,23.24,23.2,23.22,337.0,7824.0,0.0,4.2642,104.0,0.0,0.0,-16.0,-16.0,14.0,0.0,0.0,0.0,0.0,0.0,,,
2024/02/02,23.4,23.4,23.3,23.31,215.0,5026.0,0.3876,2.7205,56.0,0.0,0.0,117.0,117.0,15.0,1.0,0.0,0.0,0.0,0.0,,,
2024/02/05,23.47,23.51,23.42,23.51,575.0,13517.0,0.858,7.2757,111.0,0.0,0.0,-106.0,-106.0,20.0,5.0,0.0,0.0,0.0,0.0,,,
2024/02/15,24.57,25.04,24.57,25.0,1543.0,38514.0,6.3377,19.5242,881.0,-2.0,0.0,-537.0,-539.0,50.0,30.0,0.0,0.0,0.0,0.0,,,
2024/02/16,25.0,25.04,24.86,24.99,728.0,18163.0,-0.04,8.177,237.0,0.0,0.0,146.0,146.0,45.0,0.0,5.0,0.0,0.0,0.0,,,
2024/02/19,24.93,24.93,24.75,24.79,620.0,15372.0,-0.8003,6.9639,364.0,0.0,0.0,70.0,70.0,40.0,2.0,7.0,0.0,0.0,0.0,,,
2024/02/20,24.79,24.81,24.73,24.77,639.0,15828.0,-0.0807,7.1774,254.0,0.0,0.0,-24.0,-24.0,42.0,2.0,0.0,0.0,0.0,0.0,,,
2024/02/21,24.49,24.49,24.33,24.34,567.0,13837.0,-1.736,6.3686,411.0,0.0,0.0,-257.0,-257.0,22.0,5.0,25.0,0.0,0.0,0.0,,,
2024/02/22,24.79,25.14,24.65,25.09,1258.0,31460.0,3.0813,13.3787,324.0,0.0,0.0,429.0,428.0,32.0,16.0,6.0,0.0,0.0,0.0,,,
2024/02/23,25.32,25.68,25.32,25.58,958.0,24559.0,1.953,10.1882,323.0,0.0,0.0,-160.0,-160.0,50.0,19.0,1.0,0.0,0.0,0.0,,,
2024/02/26,25.42,25.42,25.26,25.3,431.0,10903.0,-1.0946,4.5836,260.0,0.0,0.0,-223.0,-223.0,44.0,10.0,16.0,0.0,0.0,0.0,,,
2024/02/27,25.36,25.54,25.36,25.52,547.0,13956.0,0.8696,5.8173,151.0,14.0,0.0,267.0,281.0,36.0,0.0,8.0,0.0,0.0,0.0,,,
2024/02/29,25.45,25.45,25.21,25.33,288.0,7302.0,-0.7445,3.0629,174.0,0.0,0.0,-67.0,-67.0,42.0,6.0,0.0,0.0,0.0,0.0,,,
2024/03/01,25.79,26.12,25.62,26.12,897.0,23340.0,3.1188,9.5395,211.0,0.0,0.0,-189.0,-189.0,276.0,253.0,19.0,0.0,0.0,0.0,,,
2024/03/04,27.19,27.26,27.07,27.24,1086.0,29514.0,4.2879,11.5495,441.0,0.0,0.0,-399.0,-399.0,293.0,27.0,10.0,0.0,0.0,0.0,,,
2024/03/05,27.45,27.45,27.23,27.3,594.0,16235.0,0.2203,6.3171,235.0,0.0,0.0,-212.0,-212.0,298.0,6.0,1.0,0.0,0.0,0.0,,,
2024/03/06,27.11,27.11,26.86,26.96,744.0,20074.0,-1.2454,7.9124,433.0,0.0,0.0,-162.0,-162.0,288.0,4.0,14.0,0.0,0.0,0.0,,,
2024/03/07,27.24,27.58,27.24,27.35,698.0,19095.0,1.4466,7.4232,207.0,0.0,0.0,301.0,301.0,71.0,6.0,223.0,0.0,0.0,0.0,,,
2024/03/08,28.36,28.36,28.13,28.19,582.0,16406.0,3.0713,6.1895,287.0,0.0,0.0,103.0,103.0,100.0,34.0,5.0,0.0,0.0,0.0,,,
2024/03/11,27.79,27.79,27.1,27.14,1084.0,29505.0,-3.7247,11.5282,605.0,0.0,0.0,-637.0,-637.0,172.0,75.0,3.0,0.0,0.0,0.0,,,
2024/03/12,27.04,27.08,26.85,27.08,824.0,22260.0,-0.2211,8.7632,397.0,-1.0,0.0,-383.0,-384.0,170.0,11.0,13.0,0.0,0.0,0.0,,,
2024/03/13,27.33,27.73,27.23,27.37,667.0,18279.0,1.0709,7.0935,191.0,2.0,0.0,47.0,49.0,143.0,9.0,36.0,0.0,0.0,0.0,,,
2024/03/14,27.0,27.0,26.8,26.94,275.0,7415.0,-1.5711,2.9246,173.0,4.0,0.0,-10.0,-6.0,145.0,14.0,9.0,0.0,0.0,0.0,,,
2024/03/15,26.54,26.59,26.35,26.38,712.0,18844.0,-2.0787,7.5721,372.0,-6.0,0.0,-105.0,-111.0,169.0,26.0,2.0,0.0,0.0,0.0,,,
2024/03/18,26.41,26.45,26.32,26.45,614.0,16239.0,0.2654,6.2001,1024.0,0.0,0.0,-424.0,-424.0,186.0,17.0,0.0,0.0,0.0,0.0,,,
2024/03/19,26.32,26.32,26.17,26.23,1316.0,34576.0,-0.8318,13.2889,3009.0,0.0,0.0,-912.0,-912.0,204.0,35.0,17.0,0.0,0.0,0.0,,,
2024/03/20,26.22,26.35,26.22,26.31,1023.0,26953.0,0.305,8.5945,1745.0,7.0,0.0,-467.0,-459.0,202.0,6.0,8.0,0.0,0.0,0.0,,,
2024/03/21,26.65,27.19,26.65,27.19,1910.0,51671.0,3.3447,14.2505,1928.0,138.0,0.0,-766.0,-627.0,225.0,30.0,7.0,0.0,0.0,0.0,,,
2024/03/22,27.21,27.36,27.2,27.25,370.0,10106.0,0.2207,2.7606,441.0,-3.0,0.0,80.0,77.0,193.0,1.0,33.0,0.0,0.0,0.0,,,
2024/03/25,27.22,27.27,27.13,27.13,666.0,18111.0,-0.4404,4.969,504.0,0.0,0.0,-19.0,-19.0,169.0,5.0,29.0,0.0,0.0,0.0,,,
2024/03/26,27.16,27.18,27.02,27.15,939.0,25441.0,0.0737,7.0059,471.0,9.0,0.0,98.0,107.0,158.0,3.0,14.0,0.0,0.0,0.0,,,
2024/03/27,26.99,27.05,26.85,27.01,506.0,13658.0,-0.5157,3.7753,300.0,33.0,0.0,-99.0,-66.0,171.0,14.0,1.0,0.0,0.0,0.0,,,
2024/03/28,27.25,27.27,27.15,27.17,748.0,20360.0,0.5924,5.5808,224.0,-7.0,0.0,531.0,524.0,181.0,15.0,5.0,0.0,0.0,0.0,,,
2024/03/29,27.2,27.31,27.2,27.28,480.0,13097.0,0.4049,3.5813,236.0,1.0,0.0,94.0,95.0,191.0,10.0,0.0,0.0,0.0,0.0,,,
2024/04/01,27.35,27.35,27.26,27.31,395.0,10795.0,0.11,3.0613,186.0,7.0,0.0,182.0,189.0,188.0,2.0,5.0,0.0,0.0,0.0,,,
2024/04/02,27.35,27.49,27.35,27.46,260.0,7165.0,0.5492,2.1843,256.0,46.0,0.0,83.0,129.0,162.0,1.0,27.0,0.0,0.0,0.0,,,
2024/04/03,27.45,27.45,27.05,27.09,297.0,8069.0,-1.3474,2.4952,294.0,-58.0,0.0,-93.0,-151.0,170.0,10.0,2.0,0.0,0.0,0.0,,,
